Fecha,Direccion,Envase,Piezas,Especie
16/05/19,, ,1,MEZQUITE
08/01/19,NUEVA CANDELARIA,8,1,PALMA ABANICO
08/01/19,,2,1,GUAYABO
08/01/19,,4,1,CIRUELO
08/01/19,,4,1,DURAZNO
08/01/19,NUEVO LEON,4,1,MANZANA
08/01/19,,4,1,PERA
08/01/19,,8,1,AGUACATE
14/01/19,EL RAMILLETE,8,2,CITRICO
17/01/19,GRAN CAÑADA,19,5,LIQUIDAMBAR
17/01/19,HDA ECHEVESTE,8,1,PAPAYO
21/01/19,SAN MIGUEL,8,3,CANARIO
22/01/19,,19,20,PALO VERDE
22/01/19,AREA DE DONACION CAMPOS ELISEOS,8,20,PARAISO
23/01/19,BOSQUE BOREAL,15,2,ORQUIDEANA
23/01/19,,2,2,GUAYABO
23/01/19,,4,2,CIRUELO A
23/01/19,,4,4,CIRUELO R
23/01/19,,4,3,DURAZNO
23/01/19,,4,3,MANZANA
23/01/19,,4,2,PERA
23/01/19,,8,2,AGUACATE
23/01/19,PRIMAVERA CAMPESTRE,8,10,CITRICO
23/01/19,,8,2,PAPAYO
24/01/19,,19,4,BRACHICHITO
24/01/19,,19,14,CITRICO
24/01/19,,19,5,PALO BLANCO
24/01/19,,19,2,TULIPAN MAJAHUA
24/01/19,,30,5,TABEBUYA
24/01/19,,40,4,ALISSO
24/01/19,,40,5,ENCINO SV
24/01/19,,40,3,SAUCE LLORON
24/01/19,ALBERGUE DEL OKAPI EN EL ZOO,40,6,TABACHIN
24/01/19,,40,2,TULIPAN A
24/01/19,,50,7,PALMA COCO
24/01/19,,246,2,FICUS
24/01/19,,246,1,GUAYABO
24/01/19,,8,5,CEYBA
24/01/19,,8,1,GRANJENO
24/01/19,UTL RALLY,8,1,GUAMUCHIL
24/01/19,,8,2,HUIZACHE
24/01/19,,8,2,PALO EN CRUZ
24/01/19,,8,1,TEPAME
24/01/19,,8,1,TIMBE
24/01/19,,8,2,ZARCIGUIL
25/01/19,SAN JOSE DEL POTRERO,8,4,MEZQUITE
26/01/19,,15,1,GUAYABO
26/01/19,,19,1,COLORIN
26/01/19,SANTA ANA DEL CONDE,19,2,JACARANDA
26/01/19,,19,2,LIQUIDAMBAR
26/01/19,,19,2,SICOMORO
26/01/19,SIERRA ALTA,30,1,TABACHIN
26/01/19,,4,1,CIRUELO
26/01/19,,4,1,CIRUELO
26/01/19,,4,1,DURAZNO
26/01/19,,4,1,MANZANA
26/01/19,GRAN JARDIN,4,4,PAPAYO
26/01/19,,4,1,PERA
26/01/19,,40,3,FRESNO
26/01/19,,8,1,AGUACATE
26/01/19,,8,1,MORA
28/01/19,BAL TULIPANES,19,2,FLAMA CHINA
28/01/19,,8,2,VARA DE SAN PEDRO
29/01/19,IBARRILLA,100,2,CITRICO
29/01/19,,19,2,ENCINO ROJO
29/01/19,,19,7,FLAMA CHINA
29/01/19,,19,7,OLIVO
29/01/19,,4,2,MANZANA
29/01/19,,40,3,ENCINO BLANCO
29/01/19,,40,2,ENCINO SV
29/01/19,,40,2,FRESNO
29/01/19,,40,3,ORQUIDEANA
29/01/19,,40,3,PALMA ABANICO
29/01/19,,8,3,CEYBA
29/01/19,,8,20,PINO GREGGI
29/01/19,,8,25,PINO PIÑON
29/01/19,RIO BRAVO 139 CENTRO,8,2,TABACHIN
30/01/19,,19,4,LIQUIDAMBAR
30/01/19,,19,5,TABACHIN
30/01/19,,2,1,GUAYABO
30/01/19,JOSEFINA RAMOS DEL RIO,2,1,GUAYABO
30/01/19,,4,1,CIRUELO
30/01/19,,4,1,DURAZNO
30/01/19,,4,1,MANZANA
30/01/19,PARQUE DE NIÑOS CUICAMATINI,40,5,FRESNO
30/01/19,,40,5,JACARANDA
30/01/19,,40,5,ORQUIDEANA
30/01/19,GRUPO RALI,8,23,GUAYABO
31/01/19,,2,2,GUAYABO
31/01/19,,2,3,GUAYABO
31/01/19,,4,3,CIRUELO A
31/01/19,,4,2,DURAZNO
31/01/19,,4,3,DURAZNO
31/01/19,,4,1,DURAZNO
31/01/19,ESC PRIM JUSTO SIERRA,4,3,MANZANA
31/01/19,,4,2,MANZANA
31/01/19,,4,3,PERA
31/01/19,,4,2,PERA
31/01/19,,8,10,CASUARINA
31/01/19,,8,4,CITRICO
31/01/19,,8,5,FRESNO
01/02/19,,30,1,ENCINO ROJO
02/02/19,NELUBIO 110,19,1,ORQUIDEANA
05/02/19,PLAYAS DE SOTELO,19,5,CASUARINA
05/02/19,,8,1,CANARIO
05/02/19,,8,1,CITRICO
05/02/19,SABANA TROPICAL,8,1,VARA DE SAN PEDRO
05/02/19,SABANA TROPICAL,8,1,VARA DE SAN PEDRO
06/02/19,,19,3,CITRICO
06/02/19,,19,10,JACARANDA
06/02/19,,4,2,CIRUELO A
06/02/19,,4,2,CIRUELO R
06/02/19,,4,2,DURAZNO
06/02/19,LOS SAPOS,4,2,MANZANA
06/02/19,,4,2,PERA
06/02/19,JARDIN DE LOS CARDENALES,8,1,PINO GREGGI
07/02/19,,19,5,ENCINO SV
07/02/19,,19,5,FLAMA CHINA
07/02/19,,19,2,FRESNO
07/02/19,,19,2,JACARANDA
07/02/19,LA SANDIA,19,1,PINO PIÑON
07/02/19,,19,1,TABACHIN
07/02/19,PRIM PARQUE LA NORIA,2,15,TRUENO
08/02/19,,19,10,COLORIN
08/02/19,,19,10,SICOMORO
08/02/19,COL NUEVO LEON,8,1,CANARIO
08/02/19,FORUM CULTURAL,8,7,TIMBE
09/02/19,LAS AMERICAS,30,2,ENCINO ROJO
11/02/19,CARR A COMANJA,4,25,PERA
11/02/19,PUEBLITO DE ROCHA,8,25,CANARIO
11/02/19,TORRE CALZADA,8,1,CITRICO
11/02/19,,8,50,VARA DE SAN PEDRO
11/02/19,RESIDENCIAL REAL DE LAS PALMAS,8,1,VARA DE SAN PEDRO
13/02/19,,2,2,GUAYABO
13/02/19,,4,2,CIRUELO
13/02/19,,4,2,DURAZNO
13/02/19,AREA DE DONACION VALLE DE STA IRENE,4,2,MANZANA
13/02/19,MINIDEPORTIVA IV,4,1,MANZANA
13/02/19,,8,2,AGUACATE
13/02/19,,8,5,CITRICO
14/02/19,,19,6,CITRICO
14/02/19,,19,6,FRESNO
14/02/19,,19,2,TABACHIN
14/02/19,PARQUE RECREATIVO ,19,3,TULIPAN MAJAHUA
14/02/19,,2,50,TRUENO
14/02/19,,30,3,ENCINO ROBLE
14/02/19,,30,3,ENCINO SV
14/02/19,,30,3,JACARANDA
14/02/19,,30,3,OLIVO
14/02/19,,4,1,DURAZNO
14/02/19,,4,1,PERA
14/02/19,PORTA FONTANA,8,2,BRICHO
14/02/19,BLBD HGO,8,3,PINO MICHOACANO
14/02/19,,8,3,VARA DE SAN PEDRO
16/02/19,IBARILLA,8,50,AGUACATE
18/02/19,NUEVA ESPAÑA,19,1,PINO PIÑON
18/02/19,,2,3,GUAYABO
18/02/19,ALCE 1503,4,1,DURAZNO
18/02/19,MANUEL MOTA,8,1,PALO VERDE
18/02/19,,8,1,TABACHIN
18/02/19,AREA CE DONACION GEN,8,100,VARA DE SAN PEDRO
18/02/19,,8,5,VARA DE SAN PEDRO
19/02/19,SAN FELIPE DE JESUS,19,1,MEZQUITE
19/02/19,,2,2,GUAYABO
19/02/19,BOSQUES DEL PEDREGAL,25,15,ENCINO SV
19/02/19,,4,2,DURAZNO
19/02/19,GRAN JARDIN,4,2,MANZANA
19/02/19,,8,2,AGUACATE
19/02/19,PRESITAS DEL CONSUELO,8,1,VARA DE SAN PEDRO
20/02/19,,8,2,CITRICO
20/02/19,PASEOS DE LA FRAGUA,8,1,PAPAYO
20/02/19,PORTALES DE ARBOLEDA,8,1,VARA DE SAN PEDRO
21/02/19,TEYDE 354,100,1,CITRICO
21/02/19,IBARRILLA,19,2,TULIPAN MAJAHUA
21/02/19,,8,3,PALMA ABANICO
21/02/19,VISTA HERMOSA,8,1,PAPAYO
22/02/19,,19,4,ENCINO SV
22/02/19,CARR SAN CRISTOBAL,19,4,LIQUIDAMBAR
22/02/19,,19,4,TULIPAN MAJAHUA
22/02/19,,2,10,GUAYABO
22/02/19,,4,3,CIRUELO
22/02/19,,4,3,DURAZNO
22/02/19,PUERTA DORADA,4,3,MANZANA
22/02/19,,4,3,PERA
22/02/19,,8,8,CITRICO
23/02/19,PEDRAGAL DE SAN JUAN,19,3,PALMA COCO
23/02/19,MOLINO DE AGUA,19,1,PALMA COCO
25/02/19,VALLE DE SEÑORA,19,1,ORQUIDEANA
25/02/19,,2,20,GUAYABO
25/02/19,,4,10,CIRUELO
25/02/19,,4,10,DURAZNO
25/02/19,VALLADO DE SANTA ANA,4,10,MANZANA
25/02/19,,4,10,PERA
25/02/19,,8,20,AGUACATE
25/02/19,,8,20,CITRICO
26/02/19,TORRES Y AV LEON,19,1,ORQUIDEANA
26/02/19,ESC NORMALÑ LEON I,8,8,PALMA ABANICO
26/02/19,SALVADOR VARGAS 201,8,1,PAPAYO
26/02/19,,8,7,VARA DE SAN PEDRO
27/02/19,BALCON DE LAS PALOMAS,8,2,VARA DE SAN PEDRO
28/02/19,AV EUGENIO GARZASADA,15,1,MEZQUITE
28/02/19,,15,5,ORQUIDEANA
28/02/19,OBRA PUBLICA,30,3,SICOMORO
28/02/19,,4,1,DURAZNO
28/02/19,,4,1,MANZANO
28/02/19,,8,5,CEYBA
28/02/19,PARRAL,8,2,CITRICO
01/03/19,,19,15,JACARANDA
01/03/19,,2,30,GUAYABO
01/03/19,,30,10,ENCINO SV
01/03/19,BAZAR ORGANICO LOS CARCAMOS,8,20,AGUACATE
01/03/19,,8,20,CITRICO
01/03/19,,8,1,CITRICO
01/03/19,,8,2,CITRICO
01/03/19,HDA VIÑLEDOS,8,1,PALMA ABANICO
01/03/19,SAN PATRICIO,8,5,PAPAYO
01/03/19,LOMAS DEL CAMPESTRE,8,20,PARAISO
01/03/19,CAMINO A SALTILLO,8,2,VARA DE SAN PEDRO
02/03/19,BLVD LA MERCED,30,18,LIQUIDAMBAR
02/03/19,HDA SANTIAGO,8,10,MEZQUITE
04/03/19,LOMAS DE IBARILLA,4,1,DURAZNO
05/03/19,,19,40,ENCINO SV
05/03/19,CARR SANTA ANA DEL CONDE,30,10,PINO PIÑON
05/03/19,,8,2,CANARIO
05/03/19,VERGEL DE LA SIERRA,8,10,CEDRO BLANCO
05/03/19,,8,10,PINO GREGGI
06/03/19,PROVIDENCIA,1,1,AGUACATE
06/03/19,,12,8,PINO PIÑON
06/03/19,,19,13,ENCINO POBLANO
06/03/19,,19,5,ENCINO ROBLE
06/03/19,,19,5,FLAMA CHINA
06/03/19,,19,12,FRESNO
06/03/19,,19,3,JACARANDA
06/03/19,,19,12,JACARANDA
06/03/19,,19,26,LIQUIDAMBAR
06/03/19,NARDO 201,19,2,ORQUIDEANA
06/03/19,,19,4,ORQUIDEANA
06/03/19,,19,2,ORQUIDEANA
06/03/19,,19,16,PALO VERDE
06/03/19,ESCUELA SOCRATES,19,12,PALO VERDE
06/03/19,,19,13,SAUCE LLORON
06/03/19,,19,10,SAUCE LLORON
06/03/19,,19,2,TABACHIN
06/03/19,,19,2,TABACHIN
06/03/19,,19,12,TABACHIN
06/03/19,COMUNIDAD SAN JUDAS,19,1,TULIPAN MAJAHUA
06/03/19,,2,2,GUAYABO
06/03/19,,2,2,GUAYABO
06/03/19,,30,34,SICOMORO
06/03/19,,4,3,CIRUELO
06/03/19,,4,2,CIRUELO
06/03/19,ANDA LUCIA,4,1,CIRUELO
06/03/19,,4,3,DURAZNO
06/03/19,,4,2,DURAZNO
06/03/19,,4,1,DURAZNO
06/03/19,,4,3,MANZANO
06/03/19,,4,2,MANZANO
06/03/19,,4,4,MANZANO
06/03/19,,4,1,MANZANO
06/03/19,ESCUELA HECOATL,4,1,MANZANO
06/03/19,,4,2,PERA
06/03/19,,4,1,PERA
06/03/19,,40,10,PINO PIÑON
06/03/19,,60,2,ENCINO ROJO
06/03/19,VILLAS DE SAN JUAN,8,2,AGUACATE
06/03/19,,8,1,CANARIO
06/03/19,,8,10,CANARIO
06/03/19,,8,4,CITRICO
06/03/19,,8,5,FRESNO
06/03/19,,8,5,PALMA ABANICO
06/03/19,,8,5,TABACHIN
06/03/19,,8,5,VARA DE SAN PEDRO
06/03/19,,8,1,VARA DE SAN PEDRO
06/03/19,8 DE MARZO,8,5,VARA DE SAN PEDRO
06/03/19,,,1,ENCINO ROJO
07/03/19,SAN PATRICIO,19,2,TULIPAN MAJAHUA
08/03/19,,19,2,CITRICO
08/03/19,,19,5,CITRICO
08/03/19,,2,1,TRUENO
08/03/19,SAN PABLO,4,1,DURAZNO
08/03/19,,4,5,DURAZNO
08/03/19,,4,1,MANZANO
08/03/19,LOS RAMIREZ,4,5,MANZANO
08/03/19,,8,1,AGUACATE
08/03/19,,8,1,CANARIO
08/03/19,,8,5,CANARIO
08/03/19,,8,1,PALMA ABANICO
08/03/19,,8,1,PAPAYO
08/03/19,PORTA FONTANA,8,1,VARA DE SAN PEDRO
09/03/19,,19,20,CITRICO
09/03/19,,19,15,LIQUIDAMBAR
09/03/19,,4,20,DURAZNO
09/03/19,,4,20,MANZANO
09/03/19,,8,20,FRESNO
09/03/19,PILETAS,8,30,FRESNO
09/03/19,SAN JOSE DE LOS ROMERO,8,20,JACARANDA
09/03/19,,8,15,JACARANDA
09/03/19,,8,20,PARAISO
11/03/19,,19,20,CITRICO
11/03/19,LOMA ESCONDIDA,19,5,PALO VERDE
11/03/19,,19,5,TABACHIN
11/03/19,,2,3,GUAYABO
11/03/19,,2,2,GUAYABO
11/03/19,,4,1,CIRUELO
11/03/19,,4,3,DURAZNO
11/03/19,LAS HILAMAS,4,1,DURAZNO
11/03/19,,4,2,MANZANO
11/03/19,,4,1,MANZANO
11/03/19,,8,1,CITRICO
11/03/19,,8,3,VARA DE SAN PEDRO
11/03/19,HDA ECHEVESTE,8,1,VARA DE SAN PEDRO
14/03/19,CENTRO,10,1,FICUS
14/03/19,VALLE DE SEÑORA,19,1,PINO PIÑON
14/03/19,,2,2,GUAYABO
14/03/19,,4,3,CIRUELO
14/03/19,BALCONES DE LA PRESA,4,1,CIRUELO
14/03/19,,4,3,DURAZNO
14/03/19,,4,2,DURAZNO
14/03/19,,4,3,MANZANO
14/03/19,,4,2,MANZANO
14/03/19,,8,2,AGUACATE
14/03/19,,8,2,CANARIO
14/03/19,LOS CASTILLOS,8,3,CANARIO
14/03/19,,8,2,CITRICO
14/03/19,HDA ECHEVESTE,8,2,VARA DE SAN PEDRO
14/03/19,,8,2,VARA DE SAN PEDRO
15/03/19,,19,3,FLAMA CHINA
15/03/19,,19,7,ORQUIDEANA
15/03/19,,19,7,TULIPAN MAJAHUA
15/03/19,LAGUNILLAS,2,30,TRUENO
15/03/19,SADER,8,19,CANARIO
16/03/19,,19,1,ENCINO SV
16/03/19,,19,1,ORQUIDEANA
16/03/19,,4,2,CIRUELO
16/03/19,,4,2,MANZANO
16/03/19,LOS SAPOS,8,4,GUAYABO
19/03/19,SAN MIGUEL ARCANGEL,19,1,ORQUIDEANA
19/03/19,,2,1,GUAYABO
19/03/19,,2,2,GUAYABO
19/03/19,,4,1,DURAZNO
19/03/19,,4,2,DURAZNO
19/03/19,,4,1,DURAZNO
19/03/19,,4,1,MANZANO
19/03/19,AV LOS FRUTALES,4,2,MANZANO
19/03/19,ERMITA DE IBARRILLA,4,1,PERA
19/03/19,JARDIN DELTA,40,4,FRESNO
19/03/19,LA MARTINICA,8,4,PINO PIÑON
20/03/19,,19,25,ACACIA
20/03/19,CDUARTE,19,10,CITRICO
20/03/19,,19,5,COLORIN
20/03/19,LEON II,19,5,FLAMA CHINA
20/03/19,,19,25,ORQUIDEANA
20/03/19,,19,10,ORQUIDEANA
20/03/19,,19,5,SICOMORO
20/03/19,,2,50,GUAYABO
20/03/19,,2,5,TRUENO
20/03/19,EL SEMILLA ,30,5,ENCINO ROBLE
20/03/19,,4,5,CIRUELO
20/03/19,SANTOS DEGOLLADO,4,2,MANZANO
20/03/19,PUERTA DEL SOL,4,1,MANZANO
20/03/19,,8,10,AGUACATE
20/03/19,,8,5,ALAMO
20/03/19,,8,1,CANARIO
20/03/19,,8,75,FRESNO
20/03/19,,8,20,FRESNO
20/03/19,,8,25,GUAMUCHIL
20/03/19,,8,25,HUIZACHE
20/03/19,,8,25,JACARANDA
20/03/19,,8,20,JACARANDA
20/03/19,,8,25,MEZQUITE
20/03/19,,8,10,TABACHIN
20/03/19,,8,2,VARA DE SAN PEDRO
20/03/19,,8,5,VARA DE SAN PEDRO
21/03/19,,19,3,CITRICO
21/03/19,COL AZTECA FOVISTE,19,2,CITRICO
21/03/19,,19,1,ENCINO SV
21/03/19,HDA ARRIBA,19,7,ORQUIDEANA
21/03/19,VILLAS DEL CAMPESTRE,19,2,SICOMORO
21/03/19,,4,1,DURAZNO
21/03/19,,4,1,MANZANO
21/03/19,,8,2,AGUACATE
21/03/19,,8,1,CANARIO
21/03/19,COBRE,8,1,CANARIO
21/03/19,,8,1,CITRICO
21/03/19,ALBAZUL,8,1,GUAYABO
22/03/19,JARDIN DE NIÑOS LUIS CHAVEZ,19,6,TABACHIN
22/03/19,,2,20,TRUENO
22/03/19,TEPOZAN,4,15,DURAZNO
22/03/19,,4,1,DURAZNO
22/03/19,LOMA DE GPE,4,1,MANZANO
23/03/19,ERMITA DE IBARRILLA,19,1,TULIPAN MAJAHUA
23/03/19,,8,2,CITRICO
28/03/19,CANTERITAS DE ECHEVESTE,19,10,ENCINO SV
28/03/19,EL TALISMAN,19,50,FRESNO
28/03/19,,19,5,SAUCE BLANCO
28/03/19,,2,5,GUAYABO
28/03/19,,2,10,GUAYABO
28/03/19,UG CAMPUS SAN CARLOS,4,10,CIRUELO
28/03/19,,4,5,DURAZNO
28/03/19,,4,10,DURAZNO
28/03/19,,4,5,MANZANA
28/03/19,,4,10,MANZANA
28/03/19,,8,5,AGUACATE
28/03/19,POPULAR MAYA,8,2,PARAISO
29/03/19,,19,1,CITRICO
29/03/19,,19,1,FLAMA 
29/03/19,,19,3,ORQUIDEANA
29/03/19,,19,1,SAUCE LLORON
29/03/19,,19,2,TABACHIN
29/03/19,,19,1,TULIPAN MAJAHUA
29/03/19,,2,5,GUAYABO
29/03/19,,2,6,GUAYABO
29/03/19,,4,5,CIRUELO
29/03/19,,4,4,CIRUELO
29/03/19,,4,10,CIRUELO
29/03/19,,4,1,CIRUELO
29/03/19,JULIAN DE OBREGON,4,5,DURAZNO
29/03/19,UTL,4,4,DURAZNO
29/03/19,,4,10,DURAZNO
29/03/19,,4,5,MANZANA
29/03/19,,4,4,MANZANA
29/03/19,JARDIN EDEN,4,1,MANZANA
29/03/19,,4,4,PERA
29/03/19,,8,10,AGUACATE
29/03/19,,8,1,AGUACATE
29/03/19,,8,1,AGUACATE
29/03/19,PORTON CAÑADA,8,5,CANARIO
29/03/19,,8,40,CANARIO
29/03/19,,8,3,CITRICO
29/03/19,,8,1,GUAYABO
29/03/19,COLEGIO CALI,8,21,PALO BLANCO
29/03/19,,8,4,PAPAYO
29/03/19,,8,12,VARA DE SAN PEDRO
29/03/19,LEON II,8,1,VARA DE SAN PEDRO
30/03/19,HDA VALBUENA,19,3,CITRICO
30/03/19,,19,10,ORQUIDEANA
30/03/19,RESIDENCIAL CARRERA,19,10,PALO VERDE
30/03/19,,4,1,CIRUELO
30/03/19,,4,1,DURAZNO
30/03/19,,8,1,AGUACATE
30/03/19,,8,1,GUAYABO
01/04/19,CLIMA,19,2,CITRICO
01/04/19,RIO AMARILLO,19,10,ENCINO SV
01/04/19,,19,3,ORQUIDEANA
01/04/19,,19,5,PALO VERDE
01/04/19,,19,5,SICOMORO
01/04/19,STA MARIA DEL GRANJENO,20,2,ENCINO SV
01/04/19,,4,10,DURAZNO
01/04/19,,4,10,MANZANA
01/04/19,LA LUZ DE IBARRILLA,8,5,CANARIO
01/04/19,VIVERO SAN FELIPE,8,200,CANARIO
01/04/19,,8,20,COLORIN
01/04/19,VILLA RUBI,8,4,FRESNO
01/04/19,SAN RAFAEL DE LOS RAMIREZ,8,20,GUAMUCHIL
01/04/19,,8,10,JACARANDA
01/04/19,,8,20,MEZQUITE
01/04/19,,8,100,VARA DE SAN PEDRO
02/04/19,EL TALISMAN,15,20,PINO PIÑON
02/04/19,POPOCATEPETL,19,5,PALO VERDE
02/04/19,,40,10,PINO PIÑON
02/04/19,,8,5,CANARIO
02/04/19,,8,5,FRESNO
02/04/19,,8,5,GUAMUCHIL
02/04/19,,8,5,JACARANDA
02/04/19,,8,10,PALMA ABANICO
02/04/19,CAMPESTRE LOMA ALTA,8,7,PARAISO
03/04/19,MONTES ALTOS,19,5,PALO VERDE
03/04/19,PANTEON FARIAS,8,1,CANARIO
03/04/19,,8,5,GUAMUCHIL
03/04/19,,8,5,HUIZACHE
03/04/19,,8,5,MEZQUITE
03/04/19,COLEGIO COLI,8,30,PARAISO
04/04/19,,2,30,TRUENO
04/04/19,ANTIGUO CAMINO A COMANJA,8,10,CANARIO
04/04/19,,8,10,CEYBA
04/04/19,,8,10,FRESNO
04/04/19,BELLAVISTA,8,4,FRESNO
04/04/19,,8,10,GUAMUCHIL
04/04/19,,8,10,JACARANDA
04/04/19,,8,10,PALO BLANCO
04/04/19,JARDINES DE SAN JUAN,8,5,PARAISO
04/04/19,BRISAS DEL LAGO,8,1,VARA DE SAN PEDRO
05/04/19,CASTILLO DEL ADIVINO,19,10,FLAMA 
05/04/19,LOMAS DEL SUR,19,7,LIQUIDAMBAR
05/04/19,PORTON CAÑADA,19,15,PALO VERDE
05/04/19,,19,4,SICOMORO
05/04/19,,4,10,PERA
05/04/19,ARBOLEDA DE LOS CASTILLOS,4,1,PERA
05/04/19,,8,3,AGUACATE
05/04/19,,8,10,CANARIO
05/04/19,,8,1,CANARIO
05/04/19,,8,5,CANARIO
05/04/19,,8,4,COLORIN
05/04/19,,8,2,COLORIN
05/04/19,,8,4,FRESNO
05/04/19,,8,6,FRESNO
05/04/19,,8,5,HUIZACHE
05/04/19,SIERRA NOGAL,8,4,MEZQUITE
05/04/19,,8,2,NISPERO 
05/04/19,SEC FLOGUER,8,2,VARA DE SAN PEDRO
05/04/19,PASEO DE ECHEVESTE,8,5,VARA DE SAN PEDRO
05/04/19,,8,4,VARA DE SAN PEDRO
05/04/19,LOMAS DE LA CIENGA,8,7,VARA DE SAN PEDRO
06/04/19,,19,1,FLAMA 
06/04/19,JUAN VILLERIAS,30,4,ENCINO SV
06/04/19,LAS AMERICAS,8,1,JACARANDA
09/04/19,LAS TROJES,2,3,GUAYABO
09/04/19,CARR A SAN PEDRO,8,5,FRESNO
09/04/19,,8,2,JACARANDA
09/04/19,,8,1,PALMA ABANICO
09/04/19,,8,5,PARAISO
09/04/19,NVO LEON,8,20,PARAISO
09/04/19,ALAMEDA CONTEMPORANEA,8,2,PARAISO
09/04/19,,8,1,SANGRE
09/04/19,,8,2,VARA DE SAN PEDRO
09/04/19,HEROES DE LEON,8,3,VARA DE SAN PEDRO
09/04/19,,8,1,VARA DE SAN PEDRO
10/04/19,COL OBRERA,8,6,CANARIO
10/04/19,LAS BUGAMBILIAS,8,15,CANARIO
10/04/19,VILLAMAGNA,8,2,CANARIO
10/04/19,,8,2,PALMA ABANICO
10/04/19,,8,1,PARAISO
10/04/19,,8,1,PINO PIÑON
11/04/19,,19,5,LIQUIDAMBAR
11/04/19,VALLE DE SRA,19,2,PALO VERDE
11/04/19,JARAMILLO DE ARRIBA,8,5,CEYBA
11/04/19,,8,5,FRESNO
11/04/19,,8,5,JACARANDA
11/04/19,MISION DE LA PRESA,8,8,PARAISO
11/04/19,VILLA RIOJA,8,4,PARAISO
12/04/19,SIERRA DE LOBOS,15,10,PINO PIÑON
12/04/19,,19,42,COLORIN
12/04/19,,19,10,ENCINO RUGOSA
12/04/19,,19,25,ENCINO SV
12/04/19,HILAMAS,19,1,ENCINO SV
12/04/19,,19,30,ENCINO SV
12/04/19,,19,1,FLAMA 
12/04/19,,19,1,LIQUIDAMBAR
12/04/19,,19,1,ORQUIDEANA
12/04/19,COMUNIDADES RURALES,19,25,PALO VERDE
12/04/19,,19,23,SICOMORO
12/04/19,,19,5,TABACHIN
12/04/19,,19,1,TABACHIN
12/04/19,CERRO DEL DIVISADERO,19,1,TABACHIN
12/04/19,,19,25,TULIPAN MAJAHUA
12/04/19,HDA ECHEVESTE,2,7,TRUENO
12/04/19,,25,20,ENCINO BLANCO
12/04/19,,8,40,ALAMO
12/04/19,,8,20,CANARIO
12/04/19,RANCHO EL RODEO,8,10,EUCALIPTO
12/04/19,,8,25,FRESNO
12/04/19,,8,25,JACARANDA
12/04/19,,8,40,PALO BLANCO
12/04/19,JARDINES DEL BOSQUE,8,20,PARAISO
12/04/19,,8,10,VARA DE SAN PEDRO
13/04/19,,19,5,ENCINO SV
13/04/19,SANTA ANA DEL CONDE,19,7,LIQUIDAMBAR
13/04/19,,19,5,SICOMORO
13/04/19,,19,4,TULIPAN MAJAHUA
13/04/19,,4,5,DURAZNO
13/04/19,,4,5,MANZANA
13/04/19,,8,2,CAPULIN
13/04/19,,8,6,CEYBA
13/04/19,,8,11,GUAYABO
13/04/19,VALLE DEL SUR,8,5,JACARANDA
13/04/19,,8,5,PALO BLANCO
15/04/19,SANTUARIO DE STA RITA,15,2,MEZQUITE
15/04/19,,15,6,PINO PIÑON
15/04/19,,19,1,FRAILE
15/04/19,,19,1,LIQUIDAMBAR
15/04/19,,19,1,SICOMORO
15/04/19,,19,3,TULIPAN MAJAHUA
15/04/19,VILLAS DE MAYAB,2,5,GUAYABO
15/04/19,,4,5,CIRUELO
15/04/19,,4,5,DURAZNO
15/04/19,,8,5,AGUACATE
15/04/19,,8,1,CANARIO
15/04/19,,8,3,FRESNO
15/04/19,,8,4,HUIZACHE
15/04/19,,8,3,JACARANDA
15/04/19,,8,1,PALO VERDE
15/04/19,,8,5,PAPAYO
15/04/19,MONTEBELLO,8,2,TABACHIN
15/04/19,VALLE LOIRA,8,1,VARA DE SAN PEDRO
16/04/19,LAS JOYAS,15,10,MEZQUITE
16/04/19,,15,5,MEZQUITE
16/04/19,,15,5,PINO PIÑON
16/04/19,,15,10,PINO PIÑON
16/04/19,,19,2,FLAMA 
16/04/19,,19,10,ORQUIDEANA
16/04/19,LA SARDENETA,19,20,PALO VERDE
16/04/19,,19,20,SABINO
16/04/19,SIERRA DE LOBOS,30,20,ALAMO
16/04/19,,30,20,ENCINO SV
16/04/19,,8,2,CANARIO
16/04/19,,8,4,CANARIO
16/04/19,BOSQUES DE LA PRESA,8,2,CANARIO
16/04/19,LOS PIRULES,8,4,PARAISO
16/04/19,SAN JOSE DEL CONSUELO,8,3,PARAISO
16/04/19,,8,10,PARAISO
16/04/19,ANTONIO DE LANZAGORRA,8,6,VARA DE SAN PEDRO
16/04/19,,8,1,VARA DE SAN PEDRO
17/04/19,,15,2,TABACHIN
17/04/19,,19,10,ARCE NEGUNDO
17/04/19,,19,10,ENCINO SV
17/04/19,,19,1,FLAMA 
17/04/19,VISTA ESMERALTA,19,1,FLAMA 
17/04/19,,19,1,JACARANDA
17/04/19,,8,4,CANARIO
17/04/19,VALLE DEL REAL,8,1,CANARIO
17/04/19,VERGEL DE LA SIERRA,8,12,CEDRO BLANCO
17/04/19,EL SUSPIRO,8,40,FRESNO
17/04/19,,8,40,JACARANDA
17/04/19,,8,2,PARAISO
17/04/19,CERRO DEL DIVISADERO,8,1,TABACHIN
17/04/19,,8,2,VARA DE SAN PEDRO
23/04/19,VALLE DE OLIVO,19,3,COLORIN
23/04/19,,19,1,ENCNO ROJO
23/04/19,,19,2,LIQUIDAMBAR
23/04/19,,19,2,OLIVO NEGRO
23/04/19,,19,3,ORQUIDEANA
23/04/19,PORTONES DEL CARMEN,19,1,TABACHIN
23/04/19,QUINTA HILARIO,8,1,CANARIO
23/04/19,,8,3,PALO BLANCO
23/04/19,LA CAMPIÑA,8,2,TABACHIN
23/04/19,ARBOLEDAS DE IBARRILLA,8,2,VARA DE SAN PEDRO
24/04/19,,8,10,CEDRO BLANCO
24/04/19,PRIV DEL LAUREL,8,1,CEYBA
24/04/19,LOS JACALOS,8,4,JACARANDA
24/04/19,COECILLO,8,3,PALMA ABANICO
24/04/19,,8,5,PALO BLANCO
24/04/19,,8,4,TABACHIN
24/04/19,,8,4,TABACHIN
24/04/19,PORTON DEL VALLE,8,1,VARA DE SAN PEDRO
25/04/19,,19,1,FLAMA CHINA
25/04/19,,19,5,FLAMA CHINA
25/04/19,,19,5,ORQUIDEANA
25/04/19,,8,5,PALMA ABANICO
25/04/19,,8,10,PINO GREGGI
25/04/19,EL ARBOL,8,5,TABACHIN
25/04/19,CALLE AMELIA,8,1,VARA DE SAN PEDRO
25/04/19,ANDRADE,8,2,VARA DE SAN PEDRO
26/04/19,,1,1,TRUENO
26/04/19,LAGO ONEGA,19,1,ORQUIDEANA
26/04/19,,19,3,PINO PIÑON
26/04/19,STA ANA DEL CONDE,19,4,TABACHIN
26/04/19,LOMAS DE GPE,30,25,ENCINO SV
26/04/19,,8,1,CANARIO
26/04/19,,8,1,CANARIO
26/04/19,COLINA ESMERALDA,8,1,CANARIO
26/04/19,CAMPO PALMYRA,8,2,FRESNO
26/04/19,,8,3,JACARANDA
26/04/19,CORTIJO LA GLORIA,8,5,PALMA ABANICO
26/04/19,FERROCARRILES NACIONALES,8,1,VARA DE SAN PEDRO
27/04/19,FARO DE MITA,1,70,TRUENO
29/04/19,,19,5,FRESNO
29/04/19,,19,5,LIQUIDAMBAR
29/04/19,,19,5,SICOMORO
29/04/19,,19,5,TULIPAN MAJAHUA
29/04/19,RINCONADA DEL BOSQUE,8,1,VARA DE SAN PEDRO
30/04/19,,19,4,ALAMILLO
30/04/19,STA ANA DEL CONDE,19,4,FRESNO
30/04/19,,19,4,SICOMORO
30/04/19,,19,4,TULIPAN MAJAHUA
02/05/19,HDA DEL CMAPESTRE,1,150,TRUENO
02/05/19,,19,5,FLAMA CHINA
02/05/19,PUERTA DORADA,19,1,PALMA ABANICO
02/05/19,,8,1,CANARIO
02/05/19,,8,2,VARA DE SAN PEDRO
03/05/19,PIÑONCILLO,8,2,VARA DE SAN PEDRO
04/05/19,LOMA BONITA,8,4,CANARIO
06/05/19,SN PEDRO DE LOS HDZ,19,1,FLAMA CHINA
06/05/19,LA LUZ,19,1,FLAMA CHINA
06/05/19,,8,3,PALMA ABANICO
06/05/19,,8,1,VARA DE SAN PEDRO
07/05/19,AZTECA,2,125,TRUENO
07/05/19,,8,5,CANARIO
07/05/19,JARDINERAS HGM,8,5,VARA DE SAN PEDRO
08/05/19,EL FARO,8,1,CANARIO
08/05/19,,8,1,FLAMA CHINA
08/05/19,PASEO DEL RIO,8,10,PARAISO
09/05/19,PASEOS DEL ORIENTE,19,1,ACACIA
09/05/19,,19,2,CEDRELA
09/05/19,PASEO DEL MORAL,19,6,ENCINO SV
09/05/19,,19,5,JACARANDA
09/05/19,,19,5,ORQUIDEANA
09/05/19,,19,5,PARAISO
09/05/19,,19,5,TULIPAN MAJAHUA
09/05/19,DIA DE MAMAS,2,5,TRUENO
09/05/19,LA CAMPIÑA,8,2,CANARIO
09/05/19,MADRE TIERRA,8,2,CANARIO
09/05/19,COL SATELITE,8,2,CANARIO
09/05/19,VALLE DEL MORAL,8,1,CANARIO
09/05/19,,8,5,FRESNO
09/05/19,,8,5,JACARANDA
09/05/19,,8,2,JACARANDA
09/05/19,,8,2,PALMA DATILERA
09/05/19,,8,2,TABACHIN
09/05/19,,8,1,VARA DE SAN PEDRO
11/05/19,PASEOS DEL MAUREL,8,8,CANARIO
11/05/19,,8,12,HUIZACHE
11/05/19,,8,16,MEZQUITE
11/05/19,SAN ANTONIO,8,12,PALO VERDE
13/05/19,,19,2,CITRICO
13/05/19,COMANDANCIA DE TRANSITO,2,2,GUAYABO
13/05/19,,8,2,CEDRO BLANCO
13/05/19,,8,2,JACARANDA
14/05/19,JARDIN DENIÑOS RIVERA CASTRO,2,10,TRUENO
15/05/19,BUENOS AIRES,2,50,TRUENO
15/05/19,SAN GABRIEL,8,1,CANARIO
15/05/19,,8,5,FRESNO
15/05/19,,8,3,HULE
15/05/19,,8,2,JACARANDA
15/05/19,,8,3,TABACHIN
16/05/19,,19,2,ENCINO SV
16/05/19,,19,1,ENCINO SV
16/05/19,,19,2,JACARANDA
16/05/19,,19,2,JACARANDA
16/05/19,,19,2,LIQUIDAMBAR
16/05/19,,19,1,LIQUIDAMBAR
16/05/19,,19,1,MEZQUITE
16/05/19,,19,2,TABACHIN
16/05/19,CARR DUARTE,19,2,TABACHIN
16/05/19,STA ANA DEL CONDE,19,2,TULIPAN MAJAHUA
16/05/19,,19,1,TULIPAN MAJAHUA
16/05/19,,30,2,ENCINO ROBLE
16/05/19,,30,1,ENCINO ROBLE
16/05/19,,4,1,CIRUELO
16/05/19,,4,1,CIRUELO
16/05/19,,4,1,DURAZNO
16/05/19,,4,1,DURAZNO
16/05/19,,4,1,MANZANO
16/05/19,,4,1,MANZANO
16/05/19,,8,1,AGUACATE
16/05/19,,8,2,AGUACATE
16/05/19,,8,2,FRESNO
16/05/19,,8,1,PARAISO
16/05/19,,8,1,PARAISO
17/05/19,ESCUELA SILAO,19,5,ENCINO SV
17/05/19,,19,5,LIQUIDAMBAR
17/05/19,,19,5,ORQUIDEANA
17/05/19,,19,10,TABACHIN
17/05/19,,8,10,JACARANDA
17/05/19,,8,5,MEZQUITE
17/05/19,,8,5,MEZQUITE
17/05/19,MISION DE INDIAS,8,5,PARAISO
18/05/19,,19,15,COLORIN
18/05/19,,8,15,GUAMUCHIL
18/05/19,,8,10,MEZQUITE
18/05/19,,8,20,MORA
18/05/19,,8,20,PALO BLANCO
18/05/19,HEROES DE LEON,8,20,PALO VERDE
20/05/19,ESC GRAL DIEGO RIVERA,8,20,PARAISO
21/05/19,,8,10,BRICHO
21/05/19,,8,10,CEYBA
21/05/19,,8,10,HUIZACHE
21/05/19,ESC TIERRA Y LIBERTAD,8,10,MEZQUITE
21/05/19,,8,10,PALO BLANCO
21/05/19,REFUGIO,8,1,TABACHIN
22/05/19,,19,4,ENCINO SV
22/05/19,,19,1,JACARANDA
22/05/19,STA ANA DEL CONDE,19,3,ORQUIDEANA
22/05/19,,19,2,PAROTA
22/05/19,,8,4,CEDRO BLANCO
22/05/19,PLAZA DE TOROS,8,4,FLAMA CHINA
22/05/19,,8,4,FLAMA CHINA
22/05/19,AV FRESNO 233,8,6,FRESNO
22/05/19,,8,4,FRESNO
22/05/19,,8,2,PALMA ABANICO
22/05/19,LOMA HERMOSA,8,4,PARAISO
23/05/19,SANTA RITA,1,20,TRUENO
23/05/19,JARDINES DE JEREZ,19,4,TULIPAN MAJAHUA
23/05/19,,8,5,CANARIO
23/05/19,,8,1,CIRUELO
23/05/19,RANCHO NUEVO,8,2,PARAISO
23/05/19,CAYETANA PEDREGAL,8,7,PARAISO
23/05/19,,8,2,TABACHIN
23/05/19,,87,4,FRESNO
24/05/19,GIRA CULTURAL,10,2,YUCA
24/05/19,,8,1,FRESNO
24/05/19,PROVIDENCIA,8,25,JACARANDA
24/05/19,MESA DE LA VIRGEN ,8,1,JACARANDA
24/05/19,,8,25,PALO BLANCO
24/05/19,PANORAMA 212,8,22,PALO BLANCO
24/05/19,SN ANTONIO DE PAUDA,8,2,TABACHIN
24/05/19,,8,1,TABACHIN
24/05/19,,8,21,VARA DE SAN PEDRO
25/05/19,,8,2,PALO BLANCO
25/05/19,HACIENDA LOS MORALES,8,2,TABACHIN
27/05/19,BENEVENTO,8,1,CANARIO
27/05/19,,8,5,CANARIO
27/05/19,,8,5,FRESNO
27/05/19,MAUNA LOA,8,2,PALMA ARECA
27/05/19,,8,3,PALMA DATILERA
27/05/19,ISNTITUTO TEC DE LEON,8,15,PALO BLANCO
27/05/19,PASEO DE JEREZ,8,5,PARAISO
27/05/19,,8,5,VARA DE SAN PEDRO
28/05/19,,19,5,SICOMORO
28/05/19,,227,1,ENCINO SV
28/05/19,BLVD MATEOS,8,60,CANARIO
28/05/19,FRACC GPE,8,1,CANARIO
28/05/19,CARDENALES,8,10,CANARIO
28/05/19,MINERA D ELA PRADERA,8,20,EUCALIPTO
28/05/19,,8,10,HUIZACHE
28/05/19,,8,10,MEZQUITE
28/05/19,PORTA TURIN,8,1,PARAISO
28/05/19,,8,5,PARAISO
28/05/19,,8,48,VARA DE SAN PEDRO
29/05/19,,2,30,TRUENO
29/05/19,BLVD IBARRILLA,8,1,CANARIO
29/05/19,TEMPLO SAN JUAN BAUTISTA,8,15,CANARIO
29/05/19,JARDINES DE SN JUAN,8,3,CANARIO
29/05/19,,8,17,CANARIO
29/05/19,RUFFO,8,1,FRESNO
29/05/19,,8,5,FRESNO
29/05/19,,8,5,FRESNO
29/05/19,STA ANA DEL CONDE,8,5,JACARANDA
29/05/19,,8,1,PARAISO
29/05/19,COLINAS DE PLATA,8,5,PARAISO
29/05/19,,8,3,PARAISO
29/05/19,JARDIN DE LA ALAMEDA,8,10,PARAISO
30/05/19,,1,50,TRUENO
30/05/19,SIERRA DE LOBOS,100,1,CITRICO
30/05/19,,19,5,ORQUIDEANA
30/05/19,,8,10,CANARIO
30/05/19,,8,5,CANARIO
30/05/19,,8,2,FRESNO
30/05/19,,8,5,FRESNO
30/05/19,CONGRESO DEL ESTADO,8,30,HUIZACHE
30/05/19,PASCO DEL POZO 104,8,5,JACARANDA
30/05/19,SABES,8,5,PALMA ABANICO
30/05/19,,8,10,PALO BLANCO
30/05/19,,8,5,PALO BLANCO
30/05/19,PARQUE GALAPAGOS,8,10,PARAISO
30/05/19,SEC GRAL 14,8,15,PARAISO
30/05/19,CARR LEON LAGOS,8,2,PARAISO
31/05/19,PRIM MARGARITA PAREDES,1,50,TRUENO
31/05/19,CALLE ALDAMA,19,3,PALO BLANCO
31/05/19,BLVD TRANSPORTISTAS,30,3,PIRUL 
31/05/19,,8,15,CANARIO
31/05/19,ADOLFO LOPEZ MATEOS,8,2,CANARIO
31/05/19,,8,20,CANARIO
31/05/19,,8,15,CANARIO
31/05/19,MAQUINISTA 206,8,5,CANARIO
31/05/19,,8,15,JACARANDA
31/05/19,,8,5,JACARANDA
31/05/19,,8,2,PALMA ARECA
31/05/19,,8,15,PALO BLANCO
31/05/19,BRISAS DEL CAMPESTRE,8,15,PARAISO
31/05/19,ALUMINIO,8,2,PARAISO
31/05/19,MEZQUITE 306,8,10,PARAISO
31/05/19,COMUNIDAD SAN JUAN DE ABAJO,8,15,PARAISO
31/05/19,CONOR 319,8,1,PARAISO
31/05/19,LOZA DE LOS PADRES,8,10,PARAISO
31/05/19,,8,5,PARAISO
31/05/19,IBARRILLA,8,1,PIRUL 
01/06/19,,19,5,COLORIN
01/06/19,,8,5,MEZQUITE
01/06/19,,8,10,PALO BLANCO
01/06/19,FRACC VILLAS DEL COUNTRY,8,50,VARA DE SAN PEDRO
03/06/19,SAN GABIEL 150,1,25,TRUENO
03/06/19,SEC DE EDUCACION GTO,8,150,CANARIO
03/06/19,COLINA DEL PIRUL 221,8,4,FICUS
03/06/19,PASEO D ELOS NARANJOS 203,8,4,PARAISO
03/06/19,BORGOÑA 113 A,8,2,PARAISO
03/06/19,BOSQUE ACUATICO 376,8,4,PARAISO
03/06/19,,8,1,VARA DE SAN PEDRO
04/06/19,,8,15,CANARIO
04/06/19,AV DE LOS INDUSTRIALES 202,8,50,CANARIO
04/06/19,EROMM 503,8,1,CANARIO
04/06/19,,8,10,FRESNO
04/06/19,LOMAS DEL SAUCE MANZANA 23,8,5,PALO BLANCO
04/06/19,UTL,8,10,PALO BLANCO
04/06/19,,8,10,PARAISO
04/06/19,AV LA MERCED 827,8,2,PARAISO
04/06/19,,8,1,PARAISO
04/06/19,,8,5,PARAISO 
04/06/19,CALZADA LOMAS DEL MOLINA,8,2,TABACHIN
05/06/19,PUNTA DEL ESTE,19,5,LIQUIDAMBAR
05/06/19,PUNTA DEL ESTE,19,5,ORQUIDEANA
05/06/19,PUNTA DEL ESTE,19,5,TULIPAN MAJAHUA
05/06/19,PUNTA DEL ESTE,8,10,CANARIO
05/06/19,PUNTA DEL ESTE,8,5,PALO BLANCO
05/06/19,PUNTA DEL ESTE,8,10,VARA DE SAN PEDRO
06/06/19,,8,5,OCOTILLO
06/06/19,,8,20,PINO GREGGI
06/06/19,PORTA FONTANA 412,8,20,PINO MICHOACANO
07/06/19,LOS RAMIREZ,19,3,ENCINO ROJO
07/06/19,SANTA RITA,19,35,ENCINO SIEMPRE VERDE
07/06/19,,19,4,ENCINO SV
07/06/19,LOS RAMIREZ,19,5,ENCINO SV
07/06/19,LOS RAMIREZ,19,2,FLAMA CHINA
07/06/19,SANTA RITA,19,10,LIQUIDAMBAR
07/06/19,SANTA RITA,19,20,OLIVO 
07/06/19,SANTA RITA,19,15,PALO VERDE
07/06/19,LOS RAMIREZ,19,2,PAROTA
07/06/19,LOS RAMIREZ,19,1,SABINO
07/06/19,LOS RAMIREZ,19,1,SAUCE LLORON
07/06/19,,19,2,SICOMORO
07/06/19,LOS RAMIREZ,19,5,SICOMORO
07/06/19,,19,6,TABACHIN
07/06/19,LOS RAMIREZ,19,1,TULIPAN MAJAHUA
07/06/19,,2,20,TRUENO
07/06/19,SANTA RITA,30,100,CEDRO BLANCO
07/06/19,SANTA RITA,30,70,SABINO
07/06/19,SANTA RITA,30,20,SAUCE LLORON
07/06/19,SANTA RITA,8,40,BRICHO
07/06/19,,8,10,CANARIO
07/06/19,LOMAS STA RITA,8,1,CANARIO
07/06/19,SANTA RITA,8,1,CEYBA
07/06/19,SANTA RITA,8,50,CIRUELO
07/06/19,SANTA RITA,8,50,DURAZNO
07/06/19,,8,6,EUCALIPTO
07/06/19,RANCHO ELT ALISMAN,8,50,FRESNO
07/06/19,ROSA PLAN DE AYALA,8,2,FRESNO
07/06/19,MANUEL AVILA CAMACHO 208,8,10,FRESNO
07/06/19,,8,6,FRESNO
07/06/19,STA ANA DEL CONDE,8,3,FRESNO
07/06/19,SANTA RITA,8,20,FRESNO
07/06/19,,8,2,JACARANDA
07/06/19,,8,6,JACARANDA
07/06/19,SANTA RITA,8,21,JACARANDA
07/06/19,SANTA RITA,8,150,MANZANA
07/06/19,,8,5,MEZQUITE
07/06/19,PASEO DE JEREZ (CRUXIFICION Y TUTITLAN),8,20,PALO BLANCO
07/06/19,,8,10,PALO BLANCO
07/06/19,SANTA RITA,8,30,PERA
07/06/19,SANTA RITA,8,80,PINO GREGGI
07/06/19,ELISA 1405,8,6,TABACHIN
07/06/19,,8,10,VARA DE SAN PEDRO
07/06/19,,8,1,VARA DE SAN PEDRO
08/06/19,LAS HUERTAS,8,2,VARA DE SAN PEDRO
10/06/19,INDAVISTA,8,1,CANARIO
10/06/19,HACIEND DEL CAMPESTRE,8,2,CANARIO
10/06/19,LAS AMERICAS,8,1,CEYBA
10/06/19,CONALEP LEON II,8,10,JACARANDA
10/06/19,LAS AMERICAS,8,3,PALMA ABANICO
10/06/19,CONALEP LEON II,8,10,PALO BLANCO
10/06/19,HACIEND DEL CAMPESTRE,8,2,PARAISO
10/06/19,CONALEP LEON II,8,10,PINO PIÑON
10/06/19,CONALEP LEON II,8,10,TABACHIN
11/06/19,VALLE ANTIGUA,2,70,TRUENO
11/06/19,SOBERNA,8,20,CANARIO
11/06/19,SOBERNA,8,20,CEYBA
11/06/19,SOBERNA,8,20,GUAMUCHIL
11/06/19,VILLAS DE SANTA JULIA,8,1,JACARANDA
11/06/19,VALLE ANTIGUA,8,25,PALMA ABANICO
11/06/19,VILLAS DE SANTA JULIA,8,1,PALMA ABANICO
11/06/19,LEON I,8,3,PALMA ABANICO
11/06/19,SOBERNA,8,20,PARAISO
11/06/19,LEON I,8,3,PARAISO
11/06/19,VILLAS DE SANTA JULIA,8,2,TABACHIN
11/06/19,VILLAS DE SANTA JULIA,8,1,VARA DE SAN PEDRO
11/06/19,LEON I,8,2,VARA DE SAN PEDRO
12/06/19,PROVIDENCIA,19,5,FRESNO
12/06/19,PROVIDENCIA,19,25,JACARANDA
12/06/19,LAS JOYAS,19,6,JACARANDA
12/06/19,PROVIDENCIA,19,25,PALO BLANCO
12/06/19,LAS JOYAS,19,30,PALO VERDE
12/06/19,LAS JOYAS,19,4,TABACHIN
12/06/19,CAM NUEVA CREACION,8,10,CANARIO
12/06/19,CALLE TEPEYAC,8,2,CANARIO
12/06/19,COMUNIDAD BARBOSA,8,25,FRESNO
12/06/19,LAS JOYAS,8,30,FRESNO
12/06/19,BLVD IBARRILLA,8,20,FRESNO 
12/06/19,COMUNIDAD BARBOSA,8,50,JACARANDA
12/06/19,PROVIDENCIA,8,20,PARAISO
12/06/19,CAM NUEVA CREACION,8,10,PARAISO
12/06/19,COMUNIDAD BARBOSA,8,25,PARAISO
12/06/19,CAM NUEVA CREACION,8,20,TABACHIN
12/06/19,BLVD IBARRILLA,8,20,TABACHIN
12/06/19,LAS JOYAS,8,30,VARA DE SAN PEDRO
13/06/19,S/I,8,200,JACARANDA
13/06/19,S/I,8,50,MEZQUITE
13/06/19,S/I,8,150,TABACHIN
14/06/19,EL DESIERTO,10,10,PINO PIÑON
14/06/19,EL DESIERTO,19,10,ENCINO SIEMPRE VERDE
14/06/19,OJO DE AGUA,19,5,SICOMORO
14/06/19,SAUZ SECO,2,1000,MEZQUITE
14/06/19,10 DE MAYO,8,12,AGUACATE
14/06/19,VILLA DE LAS FLORES,8,5,AGUACATE
14/06/19,COLEGIO SALESIANO DON BOSCO,8,5,CANARIO
14/06/19,RIVERA DE LA PRESA,8,5,CANARIO
14/06/19,JARDIN ORIENTE,8,20,CANARIO
14/06/19,VILLA DE LAS FLORES,8,5,CIRUELO
14/06/19,VILLA DE LAS FLORES,8,5,DURAZNO
14/06/19,OJO DE AGUA,8,10,FRESNO
14/06/19,COLEGIO SALESIANO DON BOSCO,8,5,FRESNO
14/06/19,OJO DE AGUA,8,20,JACARANDA
14/06/19,COLEGIO SALESIANO DON BOSCO,8,5,JACARANDA
14/06/19,ARBOLEDAS DE IBARRILLA,8,10,JACARANDA
14/06/19,ARBOLEDAS DE IBARRILLA,8,7,PALO BLANCO
14/06/19,OJO DE AGUA,8,5,PARAISO
14/06/19,COLEGIO SALESIANO DON BOSCO,8,5,PARAISO
14/06/19,RIVERA DE LA PRESA,8,2,PARAISO
14/06/19,JARDIN ORIENTE,8,20,PARAISO
14/06/19,EYUPOL,8,8,TABACHIN
14/06/19,ARBOLEDAS DE IBARRILLA,8,10,TABACHIN
14/06/19,PUNTA DEL ESTE,8,15,VARA DE SAN PEDRO
15/06/19,SIERRA DE LOBOS,19,5,ENCINO BLANCO
15/06/19,SIERRA DE LOBOS,19,4,ENCINO SIEMPRE VERDE
15/06/19,LA MANZANILLA,8,2,FRESNO
15/06/19,LA MANZANILLA,8,2,JACARANDA
15/06/19,LA MANZANILLA,8,1,MEZQUITE
15/06/19,S/I,8,50,PALO BLANCO
15/06/19,SIERRA DE LOBOS,8,8,PINO GREGGI
15/06/19,SIERRA DE LOBOS,8,10,PINO PIÑON
15/06/19,S/I,8,50,VARA DE SAN PEDRO
17/06/19,SANTA ROSA PLAN DE AYALA,15,10,CIRUELO
17/06/19,SANTA ROSA PLAN DE AYALA,15,8,DURAZNO
17/06/19,LEON II,15,5,DURAZNO
17/06/19,SANTA ROSA PLAN DE AYALA,15,8,MANZANO
17/06/19,LEON II,15,5,MANZANO
17/06/19,SANTA ROSA PLAN DE AYALA,15,8,PERA
17/06/19,NUEVO VALLE DE MORENO,19,25,LIQUIDAMBAR
17/06/19,SANTA ROSA PLAN DE AYALA,19,3,SICOMORO
17/06/19,KINDER ROSARIO CASTELLANOS,8,2,CANARIO
17/06/19,LIBERTAD,8,3,CANARIO
17/06/19,BUENOS AIRES,8,5,CANARIO
17/06/19,10 DE MAYO,8,3,CANARIO
17/06/19,LEON II,8,10,CANARIO
17/06/19,LEON II,8,5,CIRUELO
17/06/19,LEON II,8,15,JACARANDA
17/06/19,LEON II,8,5,PARAISO
17/06/19,LEON II,8,5,PERA
17/06/19,SANTA ROSA PLAN DE AYALA,8,6,PINO PIÑON
17/06/19,KINDER ROSARIO CASTELLANOS,8,30,TABACHIN
17/06/19,SANTA ROSA PLAN DE AYALA,8,12,TABACHIN
18/06/19,PREDEGAL SATELITE,15,5,CHAVACANO
18/06/19,PREDEGAL SATELITE,15,10,CIRUELO
18/06/19,PREDEGAL SATELITE,15,5,DURAZNO
18/06/19,OTATES,15,5,DURAZNO
18/06/19,PREDEGAL SATELITE,15,5,MANZANO
18/06/19,PREDEGAL SATELITE,15,5,PERA
18/06/19,OTATES,15,10,PERA
18/06/19,LA LABORCITA,19,20,ALAMO
18/06/19,EL MOLINO,19,3,LIQUIDAMBAR
18/06/19,EYUPOL,19,14,SICOMORO
18/06/19,LA LABORCITA,19,10,SICOMORO
18/06/19,INFONAVIT GRANADA,8,20,CANARIO
18/06/19,HACIENDA ECHEVESTE,8,10,CANARIO
18/06/19,LEON I,8,10,CANARIO
18/06/19,LOMAS DEL SOL,8,15,CANARIO
18/06/19,OTATES,8,15,CANARIO
18/06/19,HACIENDA ECHEVESTE,8,5,FRESNO
18/06/19,HACIENDA ECHEVESTE,8,5,JACARANDA
18/06/19,HACIENDA ECHEVESTE,8,10,PARAISO
18/06/19,EL CIELO,8,1,TABACHIN
18/06/19,EYUPOL,8,16,VARA DE SAN PEDRO
18/06/19,LEON I,8,15,VARA DE SAN PEDRO
18/06/19,LOMAS DEL SOL,8,10,VARA DE SAN PEDRO
19/06/19,BLVD CARIOPE,15 ga,38,FRESNO
19/06/19,BLVD CARIOPE,19,50,FRESNO
19/06/19,LA HACIENDA,19,1,LIQUIDAMBAR
19/06/19,HACIENDA ECHEVESTE,8,3,VARA DE SAN PEDRO
20/06/19,ZOOLOGICO LEON,19,10,ALAMO
20/06/19,ZOOLOGICO LEON,19,1,ENCINO ROJO
20/06/19,ZOOLOGICO LEON,19,9,ENCINO SIEMPRE VERDE
20/06/19,ZOOLOGICO LEON,19,10,FRESNO
20/06/19,ZOOLOGICO LEON,19,10,LIQUIDAMBAR
20/06/19,ZOOLOGICO LEON,19,10,SICOMORO
20/06/19,FORUM CULTURAL,19,8,TULIPAN MAJAHUA
20/06/19,SAN JOSE DE OTATES,8,10,CANARIO
20/06/19,JARDIN DE NOGALES,8,2,CANARIO
20/06/19,HACIENDA SAN GERARDO,8,10,CANARIO
20/06/19,BLVD MORELOS,8,10,CEYBA
20/06/19,BLVD MORELOS,8,10,FRESNO
20/06/19,PRESA LA VENTA,8,5,FRESNO
20/06/19,LAS MANDARINAS,8,3,FRESNO
20/06/19,BLVD MORELOS,8,10,JACARANDA
20/06/19,BLVD MORELOS,8,10,PALO BLANCO
20/06/19,PRESA LA VENTA,8,5,PALO BLANCO
20/06/19,BLVD MORELOS,8,10,PARAISO
20/06/19,HACIENDA SAN GERARDO,8,10,PARAISO
20/06/19,JARDIN DE NOGALES,8,1,VARA DE SAN PEDRO
20/06/19,HACIENDA SAN GERARDO,8,12,VARA DE SAN PEDRO
21/06/19,GAS BP,1,100,GUAYABO
21/06/19,GASOLINERAS BP,1,100,MEZQUITE
21/06/19,GAS BP,1,100,MEZQUITE
21/06/19,BLVD CARIOPE Y ESPOSICIONES,57,23,FRESNO
21/06/19,BLVD SAUCILLO,19,10,ALAMO
21/06/19,BLVD DELTA,19,50,ALAMO
21/06/19,BLVD DELTA,19,51,ALISSO
21/06/19,BLVD CARIOPE Y ESPOSICIONES,19,49,COLORIN
21/06/19,LAS AMERICAS,19,15,COLORIN
21/06/19,BLVD ESCOBEDO Y EXPOSICIONES,19,20,COLORIN
21/06/19,FARO DE ALEJANDRIA,19,23,ENCINO BLANCO
21/06/19,FARO DE ALEJANDRIA,19,23,ENCINO SIEMPRE VERDE
21/06/19,JARDIN REPUBLICA,19,10,ENCINO SIEMPRE VERDE
21/06/19,BLVD ESCOBEDO Y EXPOSICIONES,19,10,ENCINO SIEMPRE VERDE
21/06/19,BLVD CARIOPE Y ESPOSICIONES,19,54,FRESNO
21/06/19,PORTALES DE SAN SEBASTIAN,19,5,FRESNO
21/06/19,MILENIO,19,20,LIQUIDAMBAR
21/06/19,BLVD SAUCILLO,19,10,LIQUIDAMBAR
21/06/19,PORTALES DE SAN SEBASTIAN,19,11,LIQUIDAMBAR
21/06/19,FARO DE ALEJANDRIA,19,26,LIQUIDAMBAR
21/06/19,JARDIN HISTORIADORES,19,25,LIQUIDAMBAR
21/06/19,JARDIN BOSQUES BRASILEÑOS,19,10,LIQUIDAMBAR
21/06/19,MILENIO,19,5,MEZQUITE
21/06/19,BLVD CARIOPE Y ESPOSICIONES,19,63,ORQUIDEANA
21/06/19,BLVD TIMOTEO LOZANO,19,66,ORQUIDEANA
21/06/19,JARDIN HISTORIADORES,19,25,ORQUIDEANA
21/06/19,JARDIN BOSQUES BRASILEÑOS,19,11,ORQUIDEANA
21/06/19,TEMPLO DEL SAGRADO CORAZON,19,20,ORQUIDEANA
21/06/19,LAS AMERICAS,19,11,ORQUIDEANA
21/06/19,BLVD DELTA,19,101,ORQUIDEANA
21/06/19,BLVD ESCOBEDO Y EXPOSICIONES,19,20,ORQUIDEANA
21/06/19,BLVD TIMOTEO LOZANO,19,65,PALO VERDE
21/06/19,BLVD ESCOBEDO Y EXPOSICIONES,19,20,PALO VERDE
21/06/19,BLVD CARIOPE Y ESPOSICIONES,19,49,SICOMORO
21/06/19,BLVD SAUCILLO,19,10,SICOMORO
21/06/19,JARDIN HISTORIADORES,19,5,SICOMORO
21/06/19,GASOLINERAS BP,2,100,GUAYABO
21/06/19,PORTALES DE SAN SEBASTIAN,30,6,ENCINO  BLANCO
21/06/19,PORTALES DE SAN SEBASTIAN,30,11,PALO BLANCO
21/06/19,LAS AMERICAS,40,25,FRESNO
21/06/19,JARDIN REPUBLICA,40,10,FRESNO
21/06/19,LAS AMERICAS,40,15,SICOMORO
21/06/19,BLVD CAMPESTRE,8,5,CANARIO
21/06/19,VALLE DORADO,8,1,CANARIO
21/06/19,RANCHO LOS NARANJOS,8,6,FRESNO
21/06/19,HACIENDA ARRIBA,8,5,FRESNO
21/06/19,LATINOAMERICANA,8,4,FRESNO
21/06/19,LATINOAMERICANA,8,4,GUAMUCHIL
21/06/19,VERGEL DE LA SIERRA,8,75,HUIZACHE
21/06/19,HACIENDA ARRIBA,8,5,JACARANDA
21/06/19,LATINOAMERICANA,8,3,JACARANDA
21/06/19,GASOLINERAS BP,8,800,JACARANDA
21/06/19,GAS BP,8,800,JACARANDA
21/06/19,VERGEL DE LA SIERRA,8,75,MEZQUITE
21/06/19,CORTIJO LA GLORIA,8,10,PALMA ABANICO
21/06/19,HACIENDA BUENMA AVENTURA,8,1,PALMA ABANICO
21/06/19,RANCHO LOS NARANJOS,8,6,PALO BLANCO
21/06/19,BLVD CAMPESTRE,8,15,PALO BLANCO
21/06/19,COLINA DEL COLORIN,8,5,PALO BLANCO
21/06/19,LAS COLORADAS,8,10,PALO BLANCO
21/06/19,LATINOAMERICANA,8,4,PALO BLANCO
21/06/19,GASOLINERAS BP,8,300,PALO BLANCO
21/06/19,GAS BP,8,300,PALO BLANCO
21/06/19,CLUB DE GOLF LA AHACIENDA,8,10,PINO GREGGI
21/06/19,VERGEL DE LA SIERRA,8,50,PINO GREGGI
21/06/19,COLINA DEL COLORIN,8,2,TABACHIN
21/06/19,BLVD CAMPESTRE,8,10,VARA DE SAN PEDRO
21/06/19,COLINA DEL COLORIN,8,3,VARA DE SAN PEDRO
22/06/19,JARDINES DEL RIO,2,30,TRUENO
24/06/19,IBARRILLA,8,4,CITRICO
24/06/19,PORTAL LA LUZ,8,1,TABACHIN
25/06/19,RANCHO EL LOBO,19,10,LIQUIDAMBAR
25/06/19,VILLAS DE SAN JUAN,8,9,CANARIO
25/06/19,RANCHO EL LOBO,8,10,CANARIO
25/06/19,BRISAS DEL CAMPO,8,1,CITRICO
25/06/19,LOZA DE LOS PADRES,8,10,FRESNO
25/06/19,VILLAS DE SAN JUAN,8,10,PARAISO
25/06/19,RANCHO EL LOBO,8,15,PARAISO
25/06/19,JARDINES DEL MORAL,8,20,TABACHIN
25/06/19,PIJI,8,20,TABACHIN
25/06/19,JARDINES DEL MORAL,8,20,VARA DE SAN PEDRO
26/06/19,NUEVO VALLE DE MORENO,19,10,LIQUIDAMBAR
26/06/19,SIN INFORMACION,19,3,LIQUIDAMBAR
26/06/19,JARDINES DE ORIENTE,19,7,LIQUIDAMBAR
26/06/19,SIN INFORMACION,19,2,TLIPAN MAJAHUA
26/06/19,PILETAS,8,20,CANARIO
26/06/19,SIN INFORMACION,8,5,CANARIO
26/06/19,JARDINES DE ORIENTE,8,8,CANARIO
26/06/19,REAL DE BUGAMBILEAS,8,2,CANARIO
26/06/19,PASEOS DEL ORIENTE,8,5,CANARIO
26/06/19,SIN INFORMACION,8,10,FRESNO
26/06/19,EL RODEO,8,40,FRESNO
26/06/19,DUARTE,8,10,PARAISO
26/06/19,PILETAS,8,5,PARAISO
26/06/19,PASEOS DEL ORIENTE,8,10,PARAISO
26/06/19,NUEVO VALLE DE MORENO,8,5,PINO GREGGI
26/06/19,SIN INFORMACION,8,1,TABACHIN
26/06/19,PORTA FONTANA 412,8,1,TABACHIN
26/06/19,PILETAS,8,10,VARA DE SAN PEDRO
26/06/19,PASEOS DEL ORIENTE,8,5,VARA DE SAN PEDRO
27/06/19,EJIDO POMPA,19,5,CITRICO
27/06/19,VALLE DEL REAL,19,5,LIQUIDAMBAR
27/06/19,PARQUE COROLA,19,2,LIQUIDAMBAR
27/06/19,FRACCIONAMIENTO FLORESTA,19,17,PALO VERDE
27/06/19,VALLE DEL REAL,19,3,SICOMORO
27/06/19,PARQUE COROLA,19,2,SICOMORO
27/06/19,VALLE DEL REAL,19,2,TULIPAN MAJAHUA
27/06/19,PARQUE COROLA,19,3,TULIPAN MAJAHUA
27/06/19,SAN PEDRO DE LOS HERNANDEZ,8,1,CANARIO
27/06/19,NISSAN TORRES CORZO,8,20,CANARIO
27/06/19,RANCHO LOS NARANJOS,8,5,CANARIO
27/06/19,EJIDO POMPA,8,50,CASUARINA
27/06/19,VERGEL DE LA SIERRA,8,5,CEDRO BLANCO
27/06/19,EJIDO POMPA,8,5,CIRUELO
27/06/19,NUEVO VALLE DE MORENO,8,25,DURAZNO
27/06/19,VALLE DEL REAL,8,5,FRESNO
27/06/19,EJIDO POMPA,8,5,GUAYABO
27/06/19,RANCHO LOS NARANJOS,8,5,JACARANDA
27/06/19,EJIDO POMPA,8,5,MANZANO
27/06/19,EJIDO POMPA,8,5,MANZANO
27/06/19,NUEVO VALLE DE MORENO,8,25,MANZANO
27/06/19,RANCHO LOS NARANJOS,8,5,PALO BLANCO
27/06/19,VALLE DEL REAL,8,5,PARAISO
27/06/19,PARQUE COROLA,8,3,PARAISO
27/06/19,EJIDO POMPA,8,5,PERA
27/06/19,EJIDO POMPA,8,10,PINO GREGGI
27/06/19,VERGEL DE LA SIERRA,8,5,PINO MICHOACANO
27/06/19,VERGEL DE LA SIERRA,8,30,PINO PIÑON
27/06/19,SAN PEDRO DE LOS HERNANDEZ,8,1,VARA DE SAN PEDRO
28/06/19,JARDINES DEL BOSQUE,19,3,ENCINO ROJO
28/06/19,LAS JOYAS,19,10,ENCINO SIEMPRE VERDE
28/06/19,JARDINES DEL BOSQUE,19,6,JACARANDA
28/06/19,JARDINES DEL BOSQUE,19,6,TABACHIN
28/06/19,PORTALES SAN SEBASTIAN,8,65,CANARIO
28/06/19,KANT,8,30,CANARIO
28/06/19,LOZA DE LOS PADRES,8,10,CANARIO
28/06/19,DEPORTIVA II,8,10,CANARIO
28/06/19,HERMANOS ALDAMA,8,1,CEYBA
28/06/19,LA ARCINA,8,5,FRESNO
28/06/19,LAGUNILLAS,8,5,FRESNO
28/06/19,LAGUNILLAS,8,5,GUAMUCHIL
28/06/19,LOZA DE LOS PADRES,8,10,PALO BLANCO
28/06/19,LA ARCINA,8,5,PALO BLANCO
28/06/19,JARDINES DEL BOSQUE,8,1,PARAISO
28/06/19,LA ARCINA,8,5,PARAISO
28/06/19,LAGUNILLAS,8,5,PARAISO
28/06/19,LAS JOYAS,8,20,TABACHIN
28/06/19,DEPORTIVA II,8,10,VARA DE SAN PEDRO
29/06/19,BLVD EPSILON,19,31,ENCINO SIEMPRE VERDE
29/06/19,BLVD EPSILON,19,50,LIQUIDAMBAR
29/06/19,BLVD EPSILON,19,50,ORQUIDEANA
29/06/19,HACIENDA ARRIBA,8,3,FRESNO
29/06/19,VILLAS DE SAN JUAN,8,15,PALO BLANCO
29/06/19,HACIENDA ARRIBA,8,2,PARAISO
29/06/19,VILLAS DE SAN JUAN,8,15,VARA DE SAN PEDRO
01/07/19,HILARIO MEDINA Y LOPES MATEOS,19,1,TRUENO
01/07/19,FORUM CULTURAL,19,15,TULIPAN MAJAHUA
01/07/19,LEON I,8,5,CANARIO
01/07/19,SANTO DOMINGO,8,20,CANARIO
01/07/19,COLINAS DE LA FRAGUA,8,15,CANARIO
01/07/19,SANTO DOMINGO,8,20,CEYBA
01/07/19,SANTO DOMINGO,8,20,FRESNO
01/07/19,SANTO DOMINGO,8,20,HUIZACHE
01/07/19,MANZANILLA,8,30,JACARANDA
01/07/19,LA PATIÑA,8,4,JACARANDA
01/07/19,SANTO DOMINGO,8,20,PALO BLANCO
01/07/19,LA PATIÑA,8,3,PALO BLANCO
01/07/19,COLINAS DE LA FRAGUA,8,5,PALO BLANCO
01/07/19,SANTO DOMINGO,8,20,PALO VERDE
01/07/19,LA PATIÑA,8,3,PARAISO
01/07/19,LEON I,8,5,VARA DE SAN PEDRO
01/07/19,COLINAS DE LA FRAGUA,8,5,VARA DE SAN PEDRO
02/07/19,PUERTA DEL CISNE,8,5,CANARIO
02/07/19,MEDINA,8,3,CANARIO
02/07/19,SAN FELIPE,8,10,CANARIO
02/07/19,ALUMINIO,8,10,CANARIO
02/07/19,SAN FELIPE,8,6,FRESNO
02/07/19,LA ESPERANZA,8,5,FRESNO
02/07/19,PUERTA DEL CISNE,8,5,FRESNO 
02/07/19,SIERRA DE LOBOS,8,10,JACARANDA
02/07/19,PUERTA DEL CISNE,8,5,PARAISO
02/07/19,ALUMINIO,8,5,PARAISO
02/07/19,LA ESPERANZA,8,5,PARAISO
02/07/19,SIERRA DE LOBOS,8,10,TABACHIN
02/07/19,LA ESPERANZA,8,5,TABACHIN
02/07/19,SAN FELIPE,8,2,TULIPAN MAJAHUA
03/07/19,LAGUNILLAS,1,36,TRUENO
03/07/19,MANTENIMIENTO VIAL,19,1,FRAILE
03/07/19,CAMINO A LA UNAM,8,1,CEYBA
03/07/19,CAMINO A LA UNAM,8,5,FRESNO
03/07/19,CAMINO A LA UNAM,8,10,PALO BLANCO
03/07/19,CAMINO A LA UNAM,8,5,PARAISO
03/07/19,PEDREGALES DE ECHEVESTE,8,20,TABACHIN
03/07/19,LAGUNILLAS,8,5,TABACHIN
04/07/19,TESECUNDARIA SAN JOSE D ELOS SAPOS,19,6,ORQUIDEANA
04/07/19,TESECUNDARIA SAN JOSE D ELOS SAPOS,19,6,PALO BLANCO
04/07/19,TESECUNDARIA SAN JOSE D ELOS SAPOS,19,5,TULIPAN MAJAHUA
04/07/19,ESC SEC TEC 45,8,10,CANARIO
04/07/19,LOS LAURELES,8,7,CANARIO
04/07/19,ESC SEC TEC 45,8,10,FRESNO
04/07/19,LOS LAURELES,8,3,FRESNO
04/07/19,VILLAS DE BARCELO II,8,3,JACARANDA
04/07/19,ESC SEC TEC 45,8,5,PARAISO
04/07/19,ESC SEC TEC 45,8,10,TABACHIN
04/07/19,CAMINO VIEJO A LA LOZA,8,3,TABACHIN
04/07/19,VILLAS DE BARCELO II,8,3,TABACHIN
05/07/19,COLINAS DE PLATA,19,27,LIQUIDAMBAR
05/07/19,EL CARMEN NORTE,19,8,LIQUIDAMBAR
05/07/19,COLINAS DE PLATA,19,30,ORQUIDEANA
05/07/19,FRACC PRIMAVERA,19,50,ORQUIDEANA
05/07/19,FRACC PRIMAVERA,19,50,ORQUIDEANA
05/07/19,MONTES MALAGA,19,5,TULIPAN MAJAHUA
05/07/19,LOS RAMIREZ,8,5,AGUACATE
05/07/19,DEPORTIVA II,8,10,CANARIO
05/07/19,DEPORTIVA II,8,10,CANARIO
05/07/19,LOS RAMIREZ,8,5,CIRUELO
05/07/19,LOS RAMIREZ,8,5,DURAZNO
05/07/19,COLINAS DE PLATA,8,30,FRESNO
05/07/19,LOS RAMIREZ,8,25,FRESNO
05/07/19,MONTES MALAGA,8,5,FRESNO
05/07/19,DEPORTIVA II,8,10,FRESNO
05/07/19,DEPORTIVA II,8,10,FRESNO
05/07/19,LOS RAMIREZ,8,5,GUAYABO
05/07/19,LOS RAMIREZ,8,25,JACARANDA
05/07/19,LOS RAMIREZ,8,5,MANZANO
05/07/19,DEPORTIVA II,8,10,PARAISO
05/07/19,DEPORTIVA II,8,10,PARAISO
05/07/19,COLEGIO CONCEPCION DE ARMIDA,8,10,TABACHIN
05/07/19,EL CARMEN NORTE,8,7,VARA DE SAN PEDRO
05/07/19,FRACC PRIMAVERA,8,50,VARA DE SAN PEDRO
05/07/19,AMPLIACION SAN FRANCISCO,8,2,VARA DE SAN PEDRO
05/07/19,FRACC PRIMAVERA,8,50,VARA DE SAN PEDRO
05/07/19,AMPLIACION SAN FRANCISCO,8,2,VARA DE SAN PEDRO
06/07/19,HACIENDA VIÑEDOS,1,30,MEZQUITE
06/07/19,PARQUE MEXICO,8,2,DURAZNO
06/07/19,HACIENDA VIÑEDOS,8,30,GUAMUCHIL
08/07/19,MESA DE BORREGOS,19,12,ENCINO BLANCO
08/07/19,MESA DE BORREGOS,19,12,ENCINO SIEMPRE VERDE
08/07/19,HACIENDA VIÑEDOS,19,10,LIQUIDAMBAR
08/07/19,MESA DE BORREGOS,19,12,LIQUIDAMBAR
08/07/19,LADERAS DE IBARRILLA,8,5,CANARIO
08/07/19,REAL DELTA VII,8,2,CANARIO
08/07/19,FRACC MANDARINAS,8,8,CANARIO
08/07/19,LOMA REAL,8,2,CEIBA
08/07/19,HACIENDA VIÑEDOS,8,10,FRESNO
08/07/19,CAMINO VIEJO A LAGOS DE MORENO,8,5,MEZQUITE
08/07/19,CAMINO VIEJO A LAGOS DE MORENO,8,10,PALO BLANCO
08/07/19,REAL DELTA VII,8,3,PARAISO
08/07/19,CAMINO VIEJO A LAGOS DE MORENO,8,10,PARAISO
08/07/19,FRACC MANDARINAS,8,7,PARAISO
08/07/19,MESA DE BORREGOS,8,6,PINO PIÑON
08/07/19,SAN ANTONIO DE PAUDA,8,90,PINO PIÑON
08/07/19,LADERAS DE IBARRILLA,8,5,VARA DE SAN PEDRO
09/07/19,COMUNIDAD DE LOS ARCOS,2,100,TRUENO
09/07/19,FUNDACION PLAZA MAYOR,8,10,CANARIO
09/07/19,REAL DE LAS PALMAS,8,1,CANARIO
09/07/19,ESC SEC GRAL 24,8,10,CANARIO
09/07/19,EL PEDREGAL,8,3,FRESNO
09/07/19,PUERTA DEL SOL,8,10,JACARANDA
09/07/19,EL PEDREGAL,8,5,JACARANDA
09/07/19,ESC SEC GRAL 24,8,5,PALO BLANCO
09/07/19,ESC SEC GRAL 24,8,5,PARAISO
09/07/19,EL PEDREGAL,8,5,PARAISO
10/07/19,CARRETERA LEON LAGOS,19,10,ALAMO
10/07/19,CARRETERA LEON LAGOS,19,5,ARCE NEGUNDO
10/07/19,CERRO ALTO,19,85,ENCINO BLANCO
10/07/19,CARRETERA LEON LAGOS,19,20,ENCINO SIEMPRE VERDE
10/07/19,COLINAS DEL MOLINO,19,3,ENCINO SIEMPRE VERDE
10/07/19,CARRETERA LEON LAGOS,19,20,LIQUIDAMBAR
10/07/19,CARRETERA LEON LAGOS,19,10,ORQUIDEANA
10/07/19,COLINAS DEL MOLINO,19,6,ORQUIDEANA
10/07/19,CERRO ALTO,19,75,PALO VERDE
10/07/19,CARRETERA LEON LAGOS,19,5,SAUCE LLORON
10/07/19,EL TLACUACHE,2,30,TRUENO
10/07/19,UCEM MADERO,8,10,CANARIO
10/07/19,EL TLACUACHE,8,10,CANARIO
10/07/19,CARRETERA LEON LAGOS,8,10,CEIBA
10/07/19,CARRETERA LEON LAGOS,8,10,CIRUELO
10/07/19,CARRETERA LEON LAGOS,8,10,DURAZNO
10/07/19,CARRETERA LEON LAGOS,8,10,FRESNO
10/07/19,COLINAS DEL MOLINO,8,7,FRESNO
10/07/19,VILLAMAGNA,8,10,FRESNO
10/07/19,COLINAS DEL MOLINO,8,1,JACARANDA
10/07/19,CARRETERA LEON LAGOS,8,10,MANZANO
10/07/19,CERRO ALTO,8,100,MEZQUITE
10/07/19,CARRETERA LEON LAGOS,8,5,MORA
10/07/19,LAGUNILLAS,8,5,PALO BLANCO
10/07/19,S/I,8,40,PALO BLANCO
10/07/19,CERRO ALTO,8,75,PALO BLANCO
10/07/19,COLINAS DEL MOLINO,8,4,PALO VERDE
10/07/19,LAGUNILLAS,8,5,PARAISO
10/07/19,CARRETERA LEON LAGOS,8,10,PERA
10/07/19,SAUZ SECO,8,1100,PINO PIÑON
10/07/19,CERRO ALTO,8,185,PINO PIÑON
10/07/19,FUNDACION PLAZA MAYOR,8,10,TABACHIN
10/07/19,PUERTA DEL SOL,8,10,TABACHIN
10/07/19,COLINAS DEL MOLINO,8,7,TABACHIN
10/07/19,LEON I,8,1,TABACHIN
10/07/19,UCEM MADERO,8,5,VARA DE SAN PEDRO
11/07/19,CLUB DEL SEGURO SOCIAL,19,150,ENCINO BLANCO
11/07/19,LEON II,19,2,ENCINO SIEMPRE VERDE
11/07/19,CLUB DEL SEGURO SOCIAL,19,30,FRESNO
11/07/19,CLUB DEL SEGURO SOCIAL,19,150,LIQUIDAMBAR
11/07/19,SANTA ANA,19,10,LIQUIDAMBAR
11/07/19,JOL GUABER,19,4,LIQUIDAMBAR
11/07/19,SANTA ANA,19,5,ORQUIDEANA
11/07/19,LOMAS DE GRAN JARDIN,8,3,CANARIO
11/07/19,BUGAMBILIAS,8,3,CANARIO
11/07/19,CAMPIÑA,8,5,CANARIO
11/07/19,VALLE DE LEON,8,2,CANARIO
11/07/19,LA INDIA,8,60,CANARIO
11/07/19,BOSQUES LOS NARANJOS,8,10,CEIBA
11/07/19,LA LOMITA,8,5,FRESNO
11/07/19,LEON II,8,4,FRESNO
11/07/19,ROBLE,8,5,FRESNO
11/07/19,BLVD RIO MAYO,8,5,JACARANDA
11/07/19,SANTA ANA,8,10,JACARANDA
11/07/19,BOSQUES LOS NARANJOS,8,10,PALO BLANCO
11/07/19,AV SAN JUAN,8,3,PALO BLANCO
11/07/19,LOMAS DE GRAN JARDIN,8,6,PALO BLANCO
11/07/19,CAMPIÑA,8,5,PALO BLANCO
11/07/19,LOMAS DE GUADALUPE,8,65,PALO BLANCO
11/07/19,LEON II,8,4,PALO BLANCO
11/07/19,FUNDACION PLAZA MAYOR,8,10,PARAISO
11/07/19,BUGAMBILIAS,8,3,PARAISO
11/07/19,BLVD RIO MAYO,8,5,TABACHIN
11/07/19,ADQUIRIENTE DE IBARRILLA,8,3,TABACHIN
11/07/19,LOMAS DE GRAN JARDIN,8,3,VARA DE SAN PEDRO
11/07/19,VISTA HERMOSA,8,1,VARA DE SAN PEDRO
11/07/19,CAMPIÑA,8,5,VARA DE SAN PEDRO
11/07/19,CAÑON DE LA INDIA,8,65,VARA DE SAN PEDRO
12/07/19,MEDINA,100,1,CITRICO
12/07/19,MEDINA,19,2,CITRICO
12/07/19,HOSPITAL REGIONAL,19,2,ENCINO ROJO
12/07/19,ZOO LEON,19,40,LIQUIDAMBAR
12/07/19,LOS RAMIREZ,19,15,ORQUIDEANA
12/07/19,HOSPITAL REGIONAL,19,5,SABINO
12/07/19,ZOO LEON,19,40,SICOMORO
12/07/19,MEDINA,19,1,TULIPAN MAJAHUA
12/07/19,HOSPITAL REGIONAL,19,5,TULIPAN MAJAHUA
12/07/19,SAUCILLO,8,5,CANARIO
12/07/19,VILLA DE SAN NICOLAS,8,20,CANARIO
12/07/19,HOSPITAL REGIONAL,8,5,CEIBA
12/07/19,ZOO LEON,8,15,CEIBA
12/07/19,KILLIAN,8,5,CITRICO
12/07/19,LAS JOYAS,8,3,CITRICO
12/07/19,MEDINA,8,1,DURAZNO
12/07/19,SAUCILLO,8,5,PALO BLANCO
12/07/19,REAL DE LOS NARANJOS,8,4,PALO BLANCO
12/07/19,SAUCILLO,8,5,PARAISO
12/07/19,MEDINA,8,1,PERA
12/07/19,LOS RAMIREZ,8,15,TABACHIN
15/07/19,FORUM CULTURAL,100,1,ENCINO ROJO
15/07/19,FORUM CULTURAL,19,16,CEDRO ROJO
15/07/19,FORUM CULTURAL,19,55,ENCINO BLANCO
15/07/19,FORUM CULTURAL,19,13,ENCINO ROJO
15/07/19,SANTA ANA DEL CONDE,19,4,ENCINO SIEMPRE VERDE
15/07/19,FORUM CULTURAL,19,11,ENCINO SIEMPRE VERDE
15/07/19,SANTA ANA DEL CONDE,19,4,LIQUIDAMBAR
15/07/19,PARQUE INDUSTRIAL,8,80,CANARIO
15/07/19,ECHEVESTE 2000,8,5,CANARIO
15/07/19,LOS PEDROZA,8,10,CEIBA
15/07/19,CLUB SEGURO SOCIAL,8,1,DURAZNO
15/07/19,ECHEVESTE 2000,8,5,FRESNO
15/07/19,LOS PEDROZA,8,10,JACARANDA
15/07/19,SANTA ANA DEL CONDE,8,4,TABACHIN
15/07/19,LOS PEDROZA,8,10,TABACHIN
16/07/19,PUNTA DEL ESTE,19,25,COLORIN
16/07/19,PUNTA DEL ESTE,19,25,ORQUIDEANA
16/07/19,CORTIJO LA GLORIA,8,15,JACARANDA
16/07/19,S/I,8,375,JACARANDA
16/07/19,CLUB SEGURO SOCIAL,8,1,MANZANO
16/07/19,S/I,8,250,PINO PIÑON
16/07/19,S/I,8,375,TABACHIN
17/07/19,LA MARTINICA,19,3,ALISSO
17/07/19,PARQUE METROPOLITANO,19,30,COLORIN
17/07/19,LA MARTINICA,19,2,ENCINO ROJO
17/07/19,BOSQUES DE LA PRESA,19,27,ENCINO SIEMPRE VERDE
17/07/19,PARQUE METROPOLITANO,19,27,ENCINO SIEMPRE VERDE
17/07/19,PROLONGACION BLVD HIDALGO,19,5,ENCINO SIEMPRE VERDE
17/07/19,PARQUE METROPOLITANO,19,4,JACARANDA
17/07/19,PARQUE METROPOLITANO,19,38,LIQUIDAMBAR
17/07/19,BOSQUES DE LA PRESA,19,20,ORQUIDEANA
17/07/19,PARQUE METROPOLITANO,19,31,PALO VERDE
17/07/19,PARQUE METROPOLITANO,19,5,SABINO
17/07/19,PROLONGACION BLVD HIDALGO,2,30,TRUENO
17/07/19,HACIENDA ARRIBA,8,10,AGUACATE
17/07/19,BRISAS DEL PEDREGAL,8,10,CANARIO
17/07/19,EPCA SAN MIGUEL,8,3,CANARIO
17/07/19,JUAN PABLO II,8,1,CANARIO
17/07/19,HACIENDA ARRIBA,8,10,CIRUELO
17/07/19,PARQUE METROPOLITANO,8,100,FRESNO
17/07/19,PARQUE METROPOLITANO,8,12,HUIZACHE
17/07/19,HACIENDA ARRIBA,8,10,MANZANO
17/07/19,SAN HUDAS,8,3,PALMA ABANICO
17/07/19,JUAN PABLO II,8,1,PALMA ABANICO
17/07/19,ESC SEC GRAL 6,8,15,PALO BLANCO
17/07/19,PROLONGACION BLVD HIDALGO,8,5,PINO GREGGI
17/07/19,SAN HUDAS,8,10,PINO PIÑON
17/07/19,PROLONGACION BLVD HIDALGO,8,5,PINO PIÑON
17/07/19,ESC SEC GRAL 6,8,10,TABACHIN
17/07/19,ESC SEC GRAL 6,8,10,VARA DE SAN PEDRO
17/07/19,EPCA SAN MIGUEL,8,2,VARA DE SAN PEDRO
17/07/19,PARQUE METROPOLITANO,8,40,VARA DE SAN PEDRO
17/07/19,PROLONGACION BLVD HIDALGO,8,1,VARA DE SAN PEDRO
18/07/19,LAGUNA CHAIREL,8,2,CANARIO
18/07/19,EL PALOTE,8,5,PALO BLANCO
18/07/19,EL PALOTE,8,5,PARAISO
18/07/19,LAGUNA CHAIREL,8,2,VARA DE SAN PEDRO
19/07/19,SIERRA DE LOBOS,19,1,CIPRES ITALIANO
19/07/19,AREA DE DONACION FRACC MONTOLIVO,19,20,COLORIN
19/07/19,LA CONDESA,19,20,ENCINO SIEMPRE VERDE
19/07/19,AGUA AZUL,19,10,LIQUIDAMBAR
19/07/19,TIMOTEO LOZANO ENTRE DELTA Y ATOTONILCO,19,100,PALO VERDE
19/07/19,CASA DE LA CULTURA EFREN HDZ,8,10,CANARIO
19/07/19,TIMOTEO LOZANO ENTRE DELTA Y ATOTONILCO,8,50,CANARIO
19/07/19,SIERRA DE LOBOS,8,5,CIRUELO
19/07/19,LA CONDESA,8,20,FRESNO
19/07/19,AGUA AZUL,8,10,FRESNO
19/07/19,AREA DE DONACION FRACC MONTOLIVO,8,10,GUAMUCHIL
19/07/19,CASA DE LA CULTURA EFREN HDZ,8,10,HUIZACHE
19/07/19,LA CONDESA,8,20,HUIZACHE
19/07/19,TIMOTEO LOZANO ENTRE DELTA Y ATOTONILCO,8,100,JACARANDA
19/07/19,SIERRA DE LOBOS,8,6,MANZANO
19/07/19,LA CONDESA,8,20,MEZQUITE
19/07/19,PREDIO EL RATON,8,10,ORQUIDEANA
19/07/19,PREDIO EL RATON,8,10,PALO BLANCO
19/07/19,AREA DE DONACION FRACC MONTOLIVO,8,20,PALO BLANCO
19/07/19,PREDIO EL RATON,8,10,PARAISO
19/07/19,SIERRA DE LOBOS,8,6,PERA
19/07/19,SIERRA DE LOBOS,8,5,PINO PIÑON
19/07/19,EYUPOL,8,4,TABACHIN
19/07/19,AREA DE DONACION FRACC MONTOLIVO,8,50,VARA DE SAN PEDRO
19/07/19,CUENCA FLORIDA,8,10,VARA DE SAN PEDRO
22/07/19,PLAZA DE TOROS,19,10,ORQUIDEANA
22/07/19,PISCINA SUR,8,10,FRESNO
22/07/19,PISCINA SUR,8,10,JACARANDA
22/07/19,MORELOS,8,5,JACARANDA
22/07/19,EL SAUCO,8,5,PALO BLANCO
22/07/19,EL SAUCO,8,10,PINO PIÑON
22/07/19,MORELOS,8,5,VARA DE SAN PEDRO
23/07/19,EJE METROPOLITANO,19,83,ENCINO BLANCO
23/07/19,EJE METROPOLITANO,19,109,ENCINO SIEMPRE VERDE
23/07/19,COMUDE TOTA CARBAJAL,19,35,ENCINO SIEMPRE VERDE
23/07/19,COMUDE CHAPALITA,19,50,ENCINO SIEMPRE VERDE
23/07/19,COMUDE TOTA CARBAJAL,19,35,LIQUIDAMBAR
23/07/19,COMUDE ENRIQUE FERNANDEZ,19,60,LIQUIDAMBAR
23/07/19,COMUDE SAN MIGUEL,19,19,ORQUIDEANA
23/07/19,COMUDE CHAPALITA,19,50,ORQUIDEANA
23/07/19,EJE METROPOLITANO,19,193,PALO VERDE
23/07/19,COMUDE TOTA CARBAJAL,19,30,SICOMORO
23/07/19,ALONSO DE TORRES ( DELTA-MORELOS),19,35,SICOMORO
23/07/19,COMUDE ENRIQUE FERNANDEZ,19,60,SICOMORO
23/07/19,PALENQUE DE IBARRILLA,8,1,AGUACATE
23/07/19,COMUDE MILENIO,8,21,CANARIO
23/07/19,PEDREGAL AN ANTONIO,8,2,CANARIO
23/07/19,LA YEZCA,8,1,CANARIO
23/07/19,COMUDE SAN MIGUEL,8,18,FRESNO
23/07/19,COLONIA PREDIO LAS JOYAS,8,5,FRESNO
23/07/19,LAGUNILLAS,8,3,PALMA ABANICO
23/07/19,COLONIA PREDIO LAS JOYAS,8,5,PALO BLANCO
23/07/19,PEDREGAL AN ANTONIO,8,1,PALO BLANCO
23/07/19,COLONIA PREDIO LAS JOYAS,8,5,PARAISO
23/07/19,COMUDE MILENIO,8,21,VARA DE SAN PEDRO
24/07/19,FRACC ALAMEDAS DE ALCAZAR,19,6,ENCINO BLANCO
24/07/19,BLVD CARRANZA,19,37,ENCINO SIEMPRE VERDE
24/07/19,COMUDE MILENIO,19,35,ENCINO SIEMPRE VERDE
24/07/19,FRACC ALAMEDAS DE ALCAZAR,19,6,ENCINO SIEMPRE VERDE
24/07/19,BLVD DELTA,19,40,ORQUIDEANA
24/07/19,SAN JOSE DEL CONSUELO II,19,6,ORQUIDEANA
24/07/19,FRACC ALAMEDAS DE ALCAZAR,19,6,PAROTA
24/07/19,BLVD CARRANZA,19,39,SICOMORO
24/07/19,BLVD TORRES (DELTA-MORELOS),19,35,SICOMORO
24/07/19,FRACC ALAMEDAS DE ALCAZAR,19,7,SICOMORO
24/07/19,CALLE RENACIMIENTO,8,2,CANARIO
24/07/19,SIERRA DE LOBOS,8,167,CEIBA
24/07/19,IBARRILLA,8,5,CEIBA
24/07/19,VILLA DE SAN LUIS,8,1,FRESNO
24/07/19,VILLA DE SAN LUIS,8,1,JACARANDA
24/07/19,DUARTE,8,1,JACARANDA
24/07/19,VILLA DE SAN LUIS,8,1,MEZQUITE
24/07/19,FRACC ALAMEDAS DE ALCAZAR,8,3,PALMA ABANICO
24/07/19,BLVD DELTA,8,40,PALO BLANCO
24/07/19,SIERRA DE LOBOS,8,167,PALO BLANCO
24/07/19,IBARRILLA,8,5,PALO BLANCO
24/07/19,SIERRA DE LOBOS,8,167,PINO PIÑON
24/07/19,VILLA DE SAN LUIS,8,1,TABACHIN
24/07/19,DUARTE,8,2,TABACHIN
24/07/19,CALLE RENACIMIENTO,8,2,VARA DE SAN PEDRO
25/07/19,PARQUE DEL ARBOL,19,38,LIQUIDAMBAR
25/07/19,COMVIVE,19,6,PINO PIÑON
25/07/19,PARQUE DEL ARBOL,19,35,SICOMORO
25/07/19,PORTONES DEL CARMEN,8,25,CANARIO
25/07/19,NUEVO VALLE DE MORENO,8,40,CITRICO
25/07/19,CANELA,8,30,DURAZNO
25/07/19,SAN JOSE DEL CONSUELO II,8,6,FRESNO
25/07/19,CARRIZOS,8,30,MANZANO
25/07/19,PASEO DE LOS ALISOS,8,1,PALMA ABANICO
25/07/19,COL. LA LUZ,8,5,PALMA ARECA
25/07/19,PORTONES DEL CARMEN,8,25,PALO BLANCO
25/07/19,ASEO PUBLICO,8,2,PALO BLANCO
25/07/19,STO TOMAS DE AQUINO,8,15,PARAISO
25/07/19,PASEO DE LOS ALISOS,8,1,VARA DE SAN PEDRO
26/07/19,FRACC. SIERRA ALTA,19,20,ENCINO ROJO
26/07/19,FRACC. SIERRA ALTA,19,20,ENCINO RUGOSA
26/07/19,SAN JOSE DEL CONSUELO II,19,8,LIQUIDAMBAR
27/07/19,SIERRA DE LOBOS,15,3,PINO PIÑON
27/07/19,BOSQUES DEL PEDREGAL,19,25,ORQUIDEANA
27/07/19,BOSQUES DEL PEDREGAL,8,44,CANARIO
27/07/19,SIERRA DE LOBOS,8,2,CEIBA
27/07/19,SIERRA DE LOBOS,8,5,CHAVACANO
27/07/19,SIERRA DE LOBOS,8,1,CIRUELO
27/07/19,SIERRA DE LOBOS,8,1,DUA
27/07/19,SIERRA DE LOBOS,8,15,MANZANO
27/07/19,BOSQUES DEL PEDREGAL,8,13,VARA DE SAN PEDRO
29/07/19,FRACC MIRADOR DEL GIGANTE,19,12,ALAMO
29/07/19,BLVD CALIOPE,19,25,ORQUIDEANA
29/07/19,SALIDA A LAGOS,8,3,ALAMO
29/07/19,SALIDA A LAGOS,8,5,CEIBA
29/07/19,SAN JOSE DE LOS OTATES SUR,8,5,DURAZNO
29/07/19,SALIDA A LAGOS,8,5,JACARANDA
29/07/19,SAN JOSE DE LOS OTATES SUR,8,5,MANZANO
29/07/19,SALIDA A LAGOS,8,2,PALO BLANCO
29/07/19,SAN JOSE DE LOS OTATES SUR,8,5,PERA
29/07/19,SALIDA A LAGOS,8,5,TABACHIN
30/07/19,BLVD GALEANA Y CONSTELAIONES,15,30,ORQUIDEANA
30/07/19,BLVD HIDALGO,19,1,FRAILE
30/07/19,BLVD MORELOS,8,10,CANARIO
30/07/19,NUEVO LEON,8,1,CANARIO
30/07/19,ESC CONSTITUYENTE HILARIO MEDINA,8,10,CANARIO
30/07/19,BLVD GALEANA Y CONSTELAIONES,8,100,CANARIO
30/07/19,BLVD MORELOS,8,10,CASAHUATE
30/07/19,PARQUE ECOLOGICO BICENTENARIO,8,100,JACARANDA
30/07/19,BLVD AEROPUERTO,8,25,JACARANDA
30/07/19,ESC CONSTITUYENTE HILARIO MEDINA,8,10,PALO BLANCO
30/07/19,ESC SALVADRO GOMEZ RAMIREZ,8,10,PARAISO
30/07/19,PARQUE ECOLOGICO BICENTENARIO,8,100,TABACHIN
30/07/19,GRAN JARDIN ,8,1,VARA DE SAN PEDRO
30/07/19,BLVD MORELOS,8,4,VARA DE SAN PEDRO
31/07/19,LA NORIA,19,1,ENCINO ROJO
31/07/19,EL BOSQUE,19,2,ENCINO ROJO
31/07/19,CAMPUS DE LA ENES LEON,19,10,ENCINO SIEMPRE VERDE
31/07/19,EL BOSQUE,19,2,ENCINO SIEMPRE VERDE
31/07/19,NUEVO HOSPITAL REGIONAL,19,5,ENCINO SIEMPRE VERDE
31/07/19,LA NORIA,19,1,FRAILE
31/07/19,CAMPUS DE LA ENES LEON,19,10,LIQUIDAMBAR
31/07/19,BLVD VALTIERRA,19,30,ORQUIDEANA
31/07/19,CAMPUS DE LA ENES LEON,19,10,SICOMORO
31/07/19,EL BOSQUE,19,2,TABACHIN
31/07/19,COLIAS DE SAN FRANCISCO,8,2,CANARIO
31/07/19,LA NORIA,8,1,CITRICO
31/07/19,LA NORIA,8,1,DURAZNO
31/07/19,COLONIA COLORINES,8,1,TABACHIN
01/08/19,PARQUE VILLAS DE SAN JUAN,19,1,FRAILE
01/08/19,COLONIA LAS ALAJITAS,19,2,TULIPAN MAJAHUA
01/08/19,VILLAS DE SAN JUAN,30,11,CITRICO
01/08/19,VILLAS DE SAN JUAN,50,3,CIRUELO
01/08/19,COLINAS DE PLATA,8,5,CANARIO
01/08/19,COLONIA LAS ALAJITAS,8,10,CEIBA
01/08/19,IBARRILLA,8,2,CITRICO
01/08/19,VILLAS DE SAN JUAN,8,3,DURAZNO
01/08/19,COLONIA LAS ALAJITAS,8,5,FRESNO
01/08/19,EL RODEO,8,50,FRESNO
01/08/19,VILLAS DE SAN JUAN,8,2,GUAYABO
01/08/19,COLONIA LAS ALAJITAS,8,8,JACARANDA
01/08/19,VILLAS DE SAN JUAN,8,2,MANZANO
01/08/19,MONTE PIRINEO,8,5,PALO BLANCO
01/08/19,VILLAS DE SAN JUAN,8,1,PAPAYA
02/08/19,PORTAL DE SAN SEBASTIAN,19,1,LIQUIDAMBAR
02/08/19,ARBORIZACION TIMOTEO LOZANO 2DA ETAPA (TRAMO FCO VILLA Y DELTA),19,20,MEZQUITE
02/08/19,ARBORIZACION TIMOTEO LOZANO 2DA ETAPA (TRAMO FCO VILLA Y DELTA),19,40,ORQUIDEANA
02/08/19,CARRERA CORPUS,2,250,FRESNO
02/08/19,CARRERA CORPUS,2,150,GUAYABO
02/08/19,CARRERA CORPUS,2,100,ORQUIDEANA
02/08/19,PRIMARIA EXCELLIS,8,10,CANARIO
02/08/19,ARBORIZACION TIMOTEO LOZANO 2DA ETAPA (TRAMO FCO VILLA Y DELTA),8,50,CANARIO
02/08/19,COLONIA LAS HUERTAS,8,5,PALO BLANCO
02/08/19,PRIMARIA CLUB LEONES #9,8,15,PALO BLANCO
02/08/19,IBARRILLA,8,5,PALO BLANCO
02/08/19,COLONIA LAS HUERTAS,8,5,PARAISO
02/08/19,PRIMARIA CLUB LEONES #9,8,10,PARAISO
02/08/19,IBARRILLA,8,5,PARAISO
02/08/19,ARBORIZACION TIMOTEO LOZANO 2DA ETAPA (TRAMO FCO VILLA Y DELTA),8,40,TIMBE
03/08/19,OFICINAS OBRA PUBLICA,100,2,ENCINO ROJO
03/08/19,BLVD TORRES (TRAMO HIDALGO-MADRAZO),19,30,ORQUIDEANA
03/08/19,AREA DE DONACION ANTONIO TORRES GOMEZ,19,10,PALO VERDE
03/08/19,BLVD TORRES (TRAMO HIDALGO-MADRAZO),8,30,PALO BLANCO
03/08/19,AREA DE DONACION ANTONIO TORRES GOMEZ,8,10,VARA DE SAN PEDRO
05/08/19,CIENAGA,8,10,CANARIO
05/08/19,GRANJAS DE ECHEVESTE,8,100,PINO PIÑON
06/08/19,SANTA ANA DEL CONDE,19,40,ALAMILLO
06/08/19,ESCUELA MILITARIZADA,19,25,LIQUIDAMBAR
06/08/19,SANTA ANA DEL CONDE,19,41,SICOMORO
06/08/19,ESCUELA MILITARIZADA,19,25,SICOMORO
06/08/19,SANTA ANA DEL CONDE,19,9,TABACHIN
06/08/19,BLVD TIMOTEO LOZANO,8,11,CANARIO
06/08/19,COLONIA LAS HUERTAS,8,5,CANARIO
06/08/19,ESCUELA MILITARIZADA,8,28,CANARIO
06/08/19,SANTA ANA DEL CONDE,8,40,PALO BLANCO
07/08/19,ESTANCIA LOS SAPOS,19,20,ALAMILLO
07/08/19,ESTANCIA LOS SAPOS,19,5,JACARANDA
07/08/19,FRACCIONAMIENTO ESMERALDA,19,1,MEZQUITE
07/08/19,MARAVILLAS Y TORRES,19,23,ORQUIDEANA
07/08/19,ESTANCIA LOS SAPOS,19,20,SICOMORO
07/08/19,SAN JOSE DE OTATES SUR,8,120,CEIBA
07/08/19,SAN JOSE DE OTATES SUR,8,24,CITRICO
07/08/19,SAN JOSE DE OTATES SUR,8,24,DURAZNO
07/08/19,SAN JOSE DE OTATES SUR,8,24,MANZANO
07/08/19,ESTANCIA LOS SAPOS,8,20,PALO BLANCO
07/08/19,MARAVILLAS Y TORRES,8,50,PALO BLANCO
07/08/19,SAN JOSE DE OTATES SUR,8,120,PALO BLANCO
07/08/19,SAN JOSE DE OTATES SUR,8,120,PINO PIÑON
08/08/19,PLAYAS DE SOTELO,19,35,LIQUIDAMBAR
08/08/19,PLAYAS DE SOTELO,19,35,SICOMORO
08/08/19,CALLE CIRCUITO DE SODIO,2,50,TRUENO
08/08/19,COUNTRY CLUB LOS NARANJOS,8,50,CANARIO
08/08/19,CALLE CIRCUITO DE SODIO,8,10,CANARIO
08/08/19,FRACCIONAMIENTO SIERRA ALTA,8,2,CANARIO
08/08/19,ESC PRIM URB MIGUEL HIDALGO,8,10,CEIBA
08/08/19,ESC PRIM URB MIGUEL HIDALGO,8,10,FRESNO
08/08/19,PARQUE CONVIVE ENTRE SANTA CECILIA Y HOROSCOPO,8,10,FRESNO
08/08/19,ESC PRIM URB MIGUEL HIDALGO,8,10,JACARANDA
08/08/19,CALLE CIRCUITO DE SODIO,8,10,JACARANDA
08/08/19,CALLE CIRCUITO DE SODIO,8,10,PALO BLANCO
08/08/19,LOMAS DE COMANJILLA,8,25,PARAISO
08/08/19,CALLE CIRCUITO DE SODIO,8,15,PARAISO
08/08/19,FRACCIONAMIENTO SIERRA ALTA,8,2,PARAISO
08/08/19,PARQUE CONVIVE ENTRE SANTA CECILIA Y HOROSCOPO,8,10,TABACHIN
08/08/19,FRACCIONAMIENTO SIERRA ALTA,8,2,TABACHIN
08/08/19,CALLE CIRCUITO DE SODIO,8,15,VARA DE SAN PEDRO
08/08/19,FRACCIONAMIENTO SIERRA ALTA,8,2,VARA DE SAN PEDRO
09/08/19,AV TORRES,19,15,LIQUIDAMBAR
09/08/19,BRISAS DEL LAGO,8,10,MEZQUITE
09/08/19,IBARRILLA,8,2,PALMA ARECA
09/08/19,BRISAS DEL LAGO,8,15,PALO VERDE
09/08/19,SAUZ SECO,8,100,PINO PIÑON
09/08/19,BRISAS DEL LAGO,8,25,VARA DE SAN PEDRO
10/08/19,AV TORRES,8,15,FRESNO
11/08/19,AV TORRES,8,3,TABACHIN
13/08/19,FRANCISCO VILLA,19,31,LIQUIDAMBAR
13/08/19,CAMINO A IBARRILLA,8,5,PALO BLANCO
13/08/19,CLUB BRITANIA,8,3,PALO BLANCO
13/08/19,CLUB BRITANIA,8,2,PARAISO
14/08/19,JAIME SABINES,19,38,CITRICO
14/08/19,PEDRO MONTESINO,19,14,COLORIN
14/08/19,COLINAS SANTA ANA DEL CONDE,19,5,LIQUIDAMBAR
14/08/19,COLINAS SANTA ANA DEL CONDE,19,2,OLIVO 
14/08/19,BUENOS AIRES,30,2,CASUARINA
14/08/19,RAMILLETE,8,39,CIRUELO
14/08/19,SEC #22,8,38,GUAYABO
14/08/19,SEC #23,8,38,MANZANO
14/08/19,ADOLFO LOPEZ,8,14,PALO BLANCO
14/08/19,COLINAS SANTA ANA DEL CONDE,8,5,PALO BLANCO
14/08/19,CASETA DE POLICIA VALLE DE SAN JOSE,8,3,PALO BLANCO
14/08/19,MALAGAÑA,8,14,TIMBE
15/08/19,PREDIO LA JOYA,8,10,CEIBA
15/08/19,PREDIO LA JOYA,8,10,FRESNO
16/08/19,JARDIN DE NIÑOS SEMENOVICH,19,26,CITRICO
16/08/19,CALLE ALTAMIRANO,19,2,FRAILE
16/08/19,CALLE ALTAMIRANO,19,3,ORQUIDEANA
16/08/19,PARQUE METROPOLITANO,19,6,SABINO
16/08/19,PARQUE METROPOLITANO,19,15,SAUCE
16/08/19,FORUM CULTURAL,227,8,OLIVO 
16/08/19,COLONIA LA PERA,8,30,CANARIO
16/08/19,JARDIN DE NIÑOS SEMENOVICH,8,2,CIRUELO
16/08/19,PARQUE METROPOLITANO,8,30,FRESNO
16/08/19,COMUNIDAD RINCON GRANDE,8,250,FRESNO
16/08/19,PARQUE METROPOLITANO,8,6,GRANJENO
16/08/19,JARDIN DE NIÑOS SEMENOVICH,8,5,GUAYABO
16/08/19,JARDIN DE NIÑOS SEMENOVICH,8,2,MANZANO
16/08/19,COMUNIDAD RINCON GRANDE,8,250,PALO BLANCO
16/08/19,JARDIN DE NIÑOS SEMENOVICH,8,3,PALO BLANCO
16/08/19,COMUNIDAD RINCON GRANDE,8,500,PINO PIÑON
16/08/19,PARQUE METROPOLITANO,8,50,TIMBE
16/08/19,JARDIN DE NIÑOS SEMENOVICH,8,2,TIMBE
16/08/19,CALLE ALTAMIRANO,8,15,TIMBE
16/08/19,PARQUE METROPOLITANO,8,5,VARADUZ
17/08/19,SANTA ANA DEL CONDE,40,5,ENCINO ROJO
17/08/19,SANTA ANA DEL CONDE,40,5,ENCINO SIEMPRE VERDE
17/08/19,SANTA ANA DEL CONDE,40,10,TABACHIN
17/08/19,LOS RAMIREZ,8,10,CANARIO
17/08/19,AREA DE DONACION REAL DE LAS PALMAS,8,2,GUAMUCHIL
17/08/19,LOS RAMIREZ,8,10,PALO BLANCO
18/08/19,AREA DE DONACION REAL DE LAS PALMAS,8,4,CANARIO
19/08/19,AREA DE DONACION REAL DE LAS PALMAS,15,5,COLORIN
19/08/19,SAN JERONIMO,8,1,CANARIO
20/08/19,EJE METROPOLITANO,19,5,ENCINO SIEMPRE VERDE
20/08/19,FARO,19,1,LIQUIDAMBAR
20/08/19,EJE METROPOLITANO,19,5,PALO VERDE
20/08/19,EJE METROPOLITANO,19,5,SICOMORO
20/08/19,FRACCIONAMIENTO LOS JACALES,8,50,JACARANDA
20/08/19,MEDINA,8,1,PINO PIÑON
21/08/19,LA LUZ,8,1,CANARIO
21/08/19,LA LUZ,8,5,PALO BLANCO
21/08/19,LA LUZ,8,5,PARAISO
22/08/19,COMUNIDAD NUEVO VALLE,19,20,ENCINO BLANCO
22/08/19,COMUNIDAD CANELAS,19,10,ENCINO BLANCO
22/08/19,COMUNIDAD NUEVO VALLE,19,30,ENCINO RUGOSA
22/08/19,COMUNIDAD CANELAS,19,20,ENCINO RUGOSA
22/08/19,COMUNIDAD CANELAS,19,10,PALO BLANCO
22/08/19,LOMAS DE GRAN JARDIN,8,5,CANARIO
22/08/19,COLONIA PILETAS,8,30,CANARIO
22/08/19,COLONIA PILETAS,8,10,ORQUIDEANA
22/08/19,COLONIA PILETAS,8,20,PALO BLANCO
22/08/19,COMUNIDAD NUEVO VALLE,8,10,PALO BLANCO
22/08/19,LOMAS DE GRAN JARDIN,8,2,TABACHIN
23/08/19,COMUNIDAD MIGUEL HIDALGO,15,6,ORQUIDEANA
23/08/19,EXPRESS NIETO CAMINO A LOS RAMIREZ,19,14,ALAMILLO
23/08/19,EXPRESS NIETO CAMINO A LOS RAMIREZ,19,4,ARCE NEGUNDO
23/08/19,EXPRESS NIETO CAMINO A LOS RAMIREZ,19,44,ENCINO BLANCO
23/08/19,COLEGIO DE ARQUITECTOS,19,25,ENCINO SIEMPRE VERDE
23/08/19,EXPRESS NIETO CAMINO A LOS RAMIREZ,19,8,ENCINO SIEMPRE VERDE
23/08/19,COLONIA REAL DELTA,19,10,LIQUIDAMBAR
23/08/19,EXPRESS NIETO CAMINO A LOS RAMIREZ,19,19,LIQUIDAMBAR
23/08/19,EXPRESS NIETO CAMINO A LOS RAMIREZ,19,12,ORQUIDEANA
23/08/19,COLEGIO DE ARQUITECTOS,19,25,PALO VERDE
23/08/19,EXPRESS NIETO CAMINO A LOS RAMIREZ,19,21,SAUCE LLORON
23/08/19,EXPRESS NIETO CAMINO A LOS RAMIREZ,19,9,SICOMORO
23/08/19,EXPRESS NIETO CAMINO A LOS RAMIREZ,19,20,TULIPAN MAJAHUA
23/08/19,COMUNIDAD MIGUEL HIDALGO,8,15,CANARIO
23/08/19,CIUDAD MADERAS,8,50,CANARIO
23/08/19,COMUNIDAD MIGUEL HIDALGO,8,15,CASAHUATE
23/08/19,COMUNIDAD MIGUEL HIDALGO,8,35,CEIBA
23/08/19,EXPRESS NIETO CAMINO A LOS RAMIREZ,8,10,CEIBA
23/08/19,EXPRESS NIETO CAMINO A LOS RAMIREZ,8,4,CIRUELO
23/08/19,EXPRESS NIETO CAMINO A LOS RAMIREZ,8,5,CITRICO
23/08/19,COMUNIDAD LOS SAUCES,8,10,FRESNO
23/08/19,EXPRESS NIETO CAMINO A LOS RAMIREZ,8,8,FRESNO
23/08/19,EXPRESS NIETO CAMINO A LOS RAMIREZ,8,4,GUAYABO
23/08/19,LOS JACALES,8,30,JACARANDA
23/08/19,COMUNIDAD LOS SAUCES,8,5,JACARANDA
23/08/19,EXPRESS NIETO CAMINO A LOS RAMIREZ,8,19,JACARANDA
23/08/19,EXPRESS NIETO CAMINO A LOS RAMIREZ,8,4,MANZANO
23/08/19,COMUNIDAD MIGUEL HIDALGO,8,35,MEZQUITE
23/08/19,COMUNIDAD MIGUEL HIDALGO,8,35,PALO BLANCO
23/08/19,CIUDAD MADERAS,8,50,PALO BLANCO
23/08/19,COLEGIO DE ARQUITECTOS,8,20,PALO BLANCO
23/08/19,COMUNIDAD LOS SAUCES,8,5,PALO BLANCO
23/08/19,EXPRESS NIETO CAMINO A LOS RAMIREZ,8,11,PALO BLANCO
23/08/19,IBARRILLA,8,1,PAPAYA
23/08/19,CIUDAD MADERAS,8,50,PARAISO
23/08/19,COMUNIDAD MIGUEL HIDALGO,8,20,TABACHIN
23/08/19,COMUNIDAD MIGUEL HIDALGO,8,35,TIMBE
24/08/19,COLONIA SANGRE DE CRISTO,8,3,CANARIO
24/08/19,COLONIA SANGRE DE CRISTO,8,4,PARAISO
24/08/19,COLONIA SANGRE DE CRISTO,8,3,VARA DE SAN PEDRO
26/08/19,FRACCIONAMIENTO SOBERNA,8,20,CANARIO
26/08/19,MANUEL DOBLADO,8,300,FRESNO
26/08/19,MEDINA,8,2,PALMA ARECA
26/08/19,FRACCIONAMIENTO SOBERNA,8,20,PALO BLANCO
26/08/19,FRACCIONAMIENTO SOBERNA,8,5,PARAISO
27/08/19,EXPRESS NIETO CAMINO A LOS RAMIREZ,19,8,ORQUIDEANA
29/08/19,PUNTA FARO,19,20,ALAMILLO
29/08/19,PUNTA FARO,19,10,ENCINO BLANCO
29/08/19,PUNTA FARO,19,20,SICOMORO
29/08/19,CENTRO DE SALUD LOZA DE LOS PADRES,8,87,CANARIO
29/08/19,CENTRO DE SALUD LOZA DE LOS PADRES,8,14,JACARANDA
21/09/19,SAN FELIPE,8,3,CASUARINA
10/11/19,BARRANCA REFUGIO,15,6,PINO PIÑON
10/11/19,,4,8,CIRUELO
10/11/19,,4,4,DURAZNO
10/11/19,,4,6,MANZANA
10/11/19,,8,6,PINO GREGGI